relation_osm_id,relation_name,member_osm_id,member_name,member_wikidata_id
11768776,Ulma,464533127,Ulma,Q1065999
10488517,Săvădisla,311258739,Săvădisla,Q748706
11318306,Borș,128470248,Borș,Q12084264
9219948,,50996,,Q12726249
10367443,Beclean,298022099,Beclean,Q15233652
9846494,Rășinari,130577334,Rășinari,Q938640
9219948,,8804817,,Q580952
9744227,Milcov,344963130,Ulmi,Q12164461
10761281,Pașcani,253941728,Pașcani,Q736305
9714859,Gogoșu,460206325,Gogoșu,Q2605935
10515000,Bod,295820374,Bod,Q12083434
11349375,Stremț,422870926,Stremț,Q906696
10541651,Nădrag,34088341,Nădrag,Q1020625
10367678,Râșnov,130569462,Râșnov,Q790338
11318848,Ernei,460355202,Ernei,Q1092579
10487264,Cazasu,258312193,Cazasu,Q2284197
9742501,Grădinile,444655403,Grădinile,Q2549841
9744197,Vulturești,346184255,Vulturești,Q12092796
10519772,Cața,460088530,Cața,Q15241280
10772494,Flămânzi,447924708,Flămânzi,Q275904
11768803,Frătăuții Noi,464442134,Frătăuții Noi,Q2606135
9685772,Verbița,404340349,Verbița,Q12088674
10520494,Săcele,258033638,Săcele,Q611726
11544685,Oinacu,261719886,Oinacu,Q2717766
13137474,Lerești,295843379,Lerești,Q2348314
10576698,Porumbești,463186711,Porumbești,Q946977
10495791,Siret,264531190,Siret,Q587746
10520493,Istria,258311082,Istria,Q1079468
10520387,Agigea,132987116,Agigea,Q5060127
9744254,Balș,138035607,Balș,Q590443
10513821,Densuș,416690535,Densuș,Q12100115
12570552,Măgherani,460361782,Măgherani,Q611807
10534559,Zăvoaia,280728846,Zăvoaia,Q12106475
9685773,Botoșești-Paia,461612683,Botoșești-Paia,Q2538604
12578167,Breaza,460353282,Breaza,Q793375
12593679,Stănilești,463299808,Stănilești,Q2722379
10772261,Bucecea,2043991244,Bucecea,Q276146
11320929,Zona Metropolitană Cluj,3277038,Cluj-Napoca,Q100188
10761202,Târgu Neamț,290151945,Târgu Neamț,Q756593
7958145,Macroregiunea Unu,872375411,Тиса - Tisa,Q134350
11672645,Câmpulung la Tisa,872375411,Тиса - Tisa,Q134350
13137431,Poiana Lacului,422880932,Poiana Lacului,Q2348418
11349325,Meteș,422869856,Meteș,Q858192
10761291,Războieni,385064926,Războieni,Q12147390
11552321,Păuliș,1258220817,Păuliș,Q5064140
10718897,Vașcău,137955900,Vașcău,Q851013
10520475,Năvodari,144346183,Năvodari,Q837960
9695124,Castranova,403833584,Castranova,Q2469712
12709814,Halmășd,463185365,Halmășd,Q1191831
415831,Tren Prietenia: Chișinău - București,609595216,600,Q13529390
7087293,Tren Prietenia: București - Chișinău,609595216,600,Q13529390
12386546,Secția 600 Făurei - Ungheni,609595216,600,Q13529390
9219948,,8827330,,Q2778267
9744234,Brebeni,344962957,Brebeni,Q2605154
9219948,,8820575,,Q1970049
10718901,Beiuș,137940520,Beiuș,Q646065
10366923,Slava Cercheză,463188559,Slava Cercheză,Q3916986
13144743,Morărești,422880915,Morărești,Q2534711
12576658,Lunca Bradului,345792049,Lunca Bradului,Q1087079
9729712,Fărcășești,460200215,Fărcășești,Q943100
10488681,Livada,137629673,Livada,Q995708
10493449,Petrila,139936902,Petrila,Q390156
9964677,Aroneanu,297907859,Aroneanu,Q777836
9742497,Deveselu,344966330,Deveselu,Q2605230
12577960,Crăiești,460354895,Crăiești,Q12833033
9695245,Întorsura,305906885,Întorsura,Q2606836
10514879,Întorsura Buzăului,142239253,Întorsura Buzăului,Q292769
13137192,Corbeni,422880396,Corbeni,Q12112749
13137693,Oarja,392896090,Oarja,Q2348214
9882453,Periș,306554140,Periș,Q2294074
7772830,Metrou Apărătorii Patriei,582561202,Apărătorii Patriei,Q2859115
11522481,Mânăstirea,283709893,Mânăstirea,Q12123431
10698042,Gheorghe Lazăr,280741922,Gheorghe Lazăr,Q16426779
9845370,Sinești,463294655,Sinești,Q2219463
10514883,Vama Buzăului,460108334,Vama Buzăului,Q15281747
9883786,Valea Nucarilor,281887935,Valea Nucarilor,Q1066301
13140568,Țițești,422881576,Țițești,Q12168881
9714853,Devesel,460206276,Devesel,Q1987188
10697852,Medgidia,144310287,Medgidia,Q685857
11322078,Bucovăț,304065360,Bucovăț,Q14772645
10367675,Săcele,129027204,Săcele,Q550055
9833323,Șirineasa,463296079,Șirineasa,Q2722167
7683224,Republica,432783473,Republica,Q3116206
7683222,Metrou Piața Sudului (M2),144042138,Piața Sudului,Q3036299
12570447,Chibed,460359653,Chibed,Q920367
9833329,Tetoiu,463296114,Tetoiu,Q2285348
10541405,Toplița,34088394,Toplița,Q2304208
9219948,,8821380,,Q13580277
9219948,,8816082,,Q4044933
12131917,,891876926,,Q2903652
12131919,,891876926,,Q2903652
9219948,,8805049,,Q2620698
6689723,Băilești,130308534,Băilești,Q756649
9685782,Fărcaș,461877505,Fărcaș,Q2606831
11318833,Sântana de Mureș,306019249,Sântana de Mureș,Q3116964
9717321,Bumbești-Jiu,138015332,Bumbești-Jiu,Q584531
11544651,Malu,460202851,Malu,Q5092240
10715447,Odobești,312013819,Odobești,Q743752
10534558,Însurăței,280726778,Însurăței,Q292759
13137186,Tigveni,422881551,Tigveni,Q2470433
11487844,Zerind,119839814,Zerind,Q1088047
9850114,Dobroești,257094116,Dobroești,Q12101557
9729752,Berlești,460196810,Berlești,Q2717753
11552216,Suhaia,463190033,Suhaia,Q2721048
12557978,Bărdești,318879155,Bărdești,Q714043
10744551,Jibou,133060081,Jibou,Q660417
11319218,Eftimie Murgu,461602958,Eftimie Murgu,Q75716
10488641,Sânmihaiu Român,34088294,Sânmihaiu Român,Q853960
11485019,Ciclova Română,460377196,Ciclova Română,Q872920
9716449,Ponoarele,460206460,Ponoarele,Q12142246
7772842,Metrou 1 Decembrie 1918,435247463,1 Decembrie 1918,Q2813516
11672772,Bocicoiu Mare,867507084,Тиса - Tisa,Q134350
7958145,Macroregiunea Unu,867507084,Тиса - Tisa,Q134350
11321993,Otelec,463257508,Otelec,Q910065
9729709,Slivilești,460201067,Slivilești,Q2717872
11520346,Independența,460149490,Independența,Q1091607
11349376,Sântimbru,114310430,Sântimbru,Q949485
10367676,Brașov,265006357,Brașov,Q82174
9685779,Melinești,461879458,Melinești,Q2312895
10715363,Nehoiu,264364510,Nehoiu,Q179297
10718401,Teremia Mare,34088306,Teremia Mare,Q1014888
13020374,Budureasa,454150060,Budureasa,Q15910051
12578111,Valea Largă,460364052,Valea Largă,Q1176493
9695103,Siliștea Crucii,461882507,Siliștea Crucii,Q12725136
9748229,Titești,463289949,Titești,Q12163256
11672772,Bocicoiu Mare,907378857,Тиса - Tisa,Q134350
7958145,Macroregiunea Unu,907378857,Тиса - Tisa,Q134350
9219948,,8804655,,Q2617162
13137434,Cotmeana,422880457,Cotmeana,Q2296594
11793163,Poarta Albă,441174548,Poarta Albă,Q5052748
11321869,Tomnatic,463256612,Tomnatic,Q1191110
11544656,Pietroșani,265954678,Pietroșani,Q2721383
9851023,Balotești,242536302,Balotești,Q12080685
13140569,Stâlpeni,301137858,Stâlpeni,Q12157920
11487768,Socodor,128105834,Socodor,Q1096416
13137696,Lunca Corbului,422880796,Lunca Corbului,Q2348396
11673342,Ruscova,259412027,Ruscova,Q1089930
10715611,Bârlad,245900016,Bârlad,Q335868
9744208,Cârlogani,444646095,Cârlogani,Q946544
11321077,Dobrovăț,386849442,Dobrovăț,Q16426817
9742502,Rotunda,344974683,Rotunda,Q2549776
10520142,Măieruș,122338839,Măieruș,Q15267471
11672644,Sarasău,262602724,Sarasău,Q645730
12593683,Vetrișoaia,463300448,Vetrișoaia,Q2549105
9744243,Vâlcele,444655539,Vâlcele,Q12725277
9729702,Ionești,460200300,Ionești,Q537298
9219948,,8804570,,Q3246297
11544653,Găujani,265954533,Găujani,Q2717384
10715518,Mărășești,148938718,Mărășești,Q576804
10715570,Adjud,772753550,Vrancea - Galați,Q182778
12821263,Albești-Paleologu,118249330,Albești-Paleologu,Q12077538
9882380,Berceni,255304187,Berceni,Q12724532
9833344,Ghioroiu,463272230,Ghioroiu,Q2205585
9717312,Turcinești,460193936,Turcinești,Q2717399
10697523,Ciocănești,284202263,Ciocănești,Q2715887
11349378,Cricău,422869314,Cricău,Q1009957
9744223,Bobicești,344970740,Bobicești,Q2719195
11322076,Pișchia,34088330,Pișchia,Q598493
10534718,Șuțești,385176247,Șuțești,Q12172636
10534621,Traian,460068490,Traian,Q12162255
10748463,Cristuru Secuiesc,142180213,Cristuru Secuiesc,Q851056
9219948,,8824346,,Q2178148
10488521,Feleacu,371088903,Feleacu,Q1012571
9717313,Stănești,460201080,Stănești,Q2718346
13140564,Zgripcești,422879986,Zgripcești,Q12106445
11349491,Rădești,422870112,Rădești,Q937558
9697784,Cernătești,461613034,Cernătești,Q768104
10558791,Metrou Costin Georgian,432783453,Costin Georgian,Q2388832
9695110,Bârca,386873091,Bârca,Q12724604
10715515,Cosmești,110407635,Cosmești,Q2291905
9717304,Bălești,448223209,Bălești,Q2717662
9697787,Brabova,461612696,Brabova,Q2280742
9642796,Robănești,461881806,Robăneștii de Jos,Q12148078
10541617,Băița,461627123,Băița,Q221417
11321091,Victoria,462241727,Victoria,Q2621166
9742496,Redea,303916202,Redea,Q2719501
9845369,Berbești,463263392,Berbești,Q276156
9849458,Otopeni,462219330,Otopeni,Q727421
11793346,Oltina,460156401,Oltina,Q1188214
9877780,Grădiștea,242434959,Grădiștea,Q12097564
10643276,Bocșa,34088250,Bocșa,Q75504
12577423,Rușii Munți,460363168,Rușii-Munți,Q1087806
11552233,Ulmu,448226482,Ulmu,Q12164459
10520315,Mangalia,2314787664,Mangalia,Q467498
11672594,Bixad,318872020,Bixad,Q794931
11318483,Căpușu Mare,315118788,Căpușu Mare,Q588209
13137429,Bascov,295841294,Bascov,Q2484442
9845416,Golești,463272867,Popești,Q2298513
12545303,Oancea,461622074,Oancea,Q2717167
9881428,Domnești,255584563,Domnești,Q12101936
12131916,,891876927,,Q2903652
12131918,,891876927,,Q2903652
10534557,Viziru,280730329,Viziru,Q2303235
10366932,Ostrov,418121121,Ostrov,Q1066290
10514346,Micăsasa,129972072,Micăsasa,Q1069123
11552346,Sălard,389849478,Sălard,Q1093221
7683219,Metrou Păcii,7023063629,Păcii,Q2794825
9695111,Giurgița,305907011,Giurgița,Q2426242
11793300,Mereni,291054961,Mereni,Q1091903
11092080,Regiunea de dezvoltare Centru,58985,Raionul Ungheni,Q854443
11793268,Ciocârlia,370890913,Ciocârlia,Q867452
9881430,Dragomirești-Vale,246502842,Dragomirești-Vale,Q1654023
9697777,Brădești,461612817,Brădești,Q2058229
9833332,Amărăști,2339070722,Amărăști,Q2268881
9219948,,1348033,,Q2525630
11520343,Băneasa,415891662,Băneasa,Q276042
10631192,Dej,2266253042,Dej,Q273801
415831,Tren Prietenia: Chișinău - București,912772474,Calea combinată (1520/1435 mm),Q13529390
7087293,Tren Prietenia: București - Chișinău,912772474,Calea combinată (1520/1435 mm),Q13529390
10488679,Felnac,34088279,Felnac,Q1006225
13144859,Cornea,460377231,Cornea,Q75418
9744189,Colonești,345080959,Colonești,Q2292689
10366917,Mihail Kogălniceanu,267344687,Mihail Kogălniceanu,Q1176875
11349253,Doștat,422869596,Doștat,Q1019308
5410163,50: Solomon => Livada Poștei,53791826,Strada Nicolae Bălcescu,Q34725295
5410197,51: Pe Tocile => Gara Brașov,53791826,Strada Nicolae Bălcescu,Q34725295
5410209,52: Pe Tocile =>Roman (Panselelor),53791826,Strada Nicolae Bălcescu,Q34725295
10643248,Moldova Nouă,387492485,Moldova Nouă,Q829051
12560048,Petelea,460362568,Petelea,Q1087048
10694461,Mizil,62273235,Mizil,Q737830
9714861,Vânju Mare,137973708,Vânju Mare,Q629776
10260071,Metrou Aurel Vlaicu,293317918,Aurel Vlaicu,Q2871866
9729710,Drăgotești,460200150,Drăgotești,Q2717501
9729701,Țânțăreni,460201326,Țânțăreni,Q2538927
9695118,Țuglui,461882914,Țuglui,Q2465980
10363613,Frecăței,303902434,Frecăței,Q1003713
11321092,Golăiești,313225178,Golăiești,Q2607538
9219948,,8814970,,Q5205673
5410163,50: Solomon => Livada Poștei,44955867,Strada Nicolae Bălcescu,Q34725295
5410197,51: Pe Tocile => Gara Brașov,44955867,Strada Nicolae Bălcescu,Q34725295
5410209,52: Pe Tocile =>Roman (Panselelor),44955867,Strada Nicolae Bălcescu,Q34725295
12576418,Ibănești,460360204,Ibănești,Q1129896
9697779,Almăj,461611757,Almăj,Q12077739
9742485,Stoenești,264493139,Stoenești,Q597056
11793341,Peștera,370889054,Peștera,Q1188227
11485089,Forotic,34088365,Forotic,Q1003036
9219948,,6666116,,Q2098488
9717318,Peștișani,460200609,Peștișani,Q2717670
9729756,Drăguțești,460193645,Drăguțești,Q2717762
7958146,Macroregiunea Trei,1426803,Sud-Muntenia,Q2572675
12103900,,889234128,,Q2903652
13137191,Brăduleț,422880123,Brăduleț,Q2534269
10515003,Șinca Nouă,380850289,Șinca Nouă,Q1059445
11487740,Șofronea,114361647,Șofronea,Q1092965
10541107,Beriu,461627398,Beriu,Q5054562
11520349,Albești,150583059,Albești,Q579707
9729711,Negomir,460200551,Negomir,Q2718321
10748530,Odorheiu Secuiesc,380025514,Odorheiu Secuiesc,Q623099
11321864,Șandra,463255186,Șandra,Q396872
9744232,Brâncoveni,444644711,Brâncoveni,Q525096
10718631,Sebiș,130406730,Sebiș,Q507846
9845414,Bujoreni,463264779,Bujoreni,Q1889960
9845417,Budești,463264173,Budești,Q12085238
9219948,,8815607,,Q2745339
9695239,Calopăr,461612985,Calopăr,Q777129
9714866,Punghina,460206612,Punghina,Q2465407
10631191,Gherla,128545214,Gherla,Q496557
12821262,Tomșani,463180774,Tomșani,Q6457120
9219948,,1166410,,Q2988628
13137645,Mălureni,422880854,Mălureni,Q2348328
13144729,Râca,422881119,Râca,Q2625987
12560026,Gornești,460359806,Gornești,Q1009935
11522502,Chirnogi,283700352,Chirnogi,Q2620875
11793261,Chirnogeni,442580254,Chirnogeni,Q860821
9711981,Șimian,290635272,Șimian,Q2719217
10366925,Stejaru,384751495,Stejaru,Q1093468
12593677,Drânceni,463297909,Drânceni,Q2298068
10514937,Moeciu de Jos,2697550086,Moeciu de Jos,Q678557
9219948,,8820639,,Q1885693
13137426,Drăganu,422880646,Drăganu-Olteni,Q12102354
9695256,Cetate,384649670,Cetate,Q2468502
9695100,Negoi,386871971,Negoi,Q2468531
9742512,Giuvărăști,346380309,Giuvărăști,Q16427116
9833343,Lăcusteni,463296437,Lăcusteni,Q2040535
10541620,Rapoltu Mare,461632238,Rapoltu Mare,Q5053333
10558738,Metrou Piața Muncii,582991878,Piața Muncii,Q1961102
10718625,Pâncota,130505381,Pâncota,Q851021
11768777,Moldova-Sulița,464509991,Moldova-Sulița,Q1079473
13137637,Poienarii de Muscel,422880984,Poienari,Q12143163
9964686,Tomești,255045509,Tomești,Q1059052
10513827,Zăvoi,34088299,Zăvoi,Q541487
12560225,Bahnea,460352856,Bahnea,Q834545
11319219,Bănia,460376954,Bănia,Q853209
10744322,Sighetu Marmației,775721568,Тиса - Tisa,Q134350
7958145,Macroregiunea Unu,775721568,Тиса - Tisa,Q134350
9964681,Voinești,260454135,Voinești,Q2719670
10366928,Topolog,258342894,Topolog,Q1041628
9714845,Voloiac,460206760,Voloiac,Q2465580
11187365,Kós Balázs,7606498107,Károly Kós,Q854411
11187364,Koós Zsófia,7606498107,Károly Kós,Q854411
11187367,Kós Károlyné Balázs Ida,7606498107,Károly Kós,Q854411
11187366,Kós András,7606498107,Károly Kós,Q854411
11187368,Kós Károly,7606498107,Károly Kós,Q854411
10363626,Grindu,400912013,Grindu,Q1028207
11520342,Lipnița,442882357,Lipnița,Q1130294
13144664,Rătești,422881097,Rătești,Q2534722
10718620,Șiștarovăț,422878301,Șiștarovăț,Q1082224
9845372,Lăpușata,463277988,Sărulești,Q12152430
9717300,Glogova,460200240,Glogova,Q12096151
9982544,Cisnădie,130553908,Cisnădie,Q837173
9833327,Drăgoești,463268705,Drăgoești,Q2180423
10541102,Bretea Română,260137088,Bretea Română,Q5054429
10487261,Gropeni,280738172,Gropeni,Q2716160
13140567,Davidești,295836507,Davidești,Q520152
9695250,Ghidici,461880809,Ghidici,Q2608684
9748436,Costești,463266848,Costești,Q12113565
10761201,Roznov,268550089,Roznov,Q275642
9881426,Cornetu,255538936,Cornetu,Q12112989
10052719,Regiunea de dezvoltare Nord,1693874,Raionul Glodeni,Q860716
11672593,Remeți,237684010,Тиса - Tisa,Q134350
7958145,Macroregiunea Unu,237684010,Тиса - Tisa,Q134350
9742517,Ștefan cel Mare,345057149,Ștefan cel Mare,Q2301008
11318312,Ineu,454152799,Ineu,Q1194277
11793470,Târgușor,282352325,Târgușor,Q1188294
10367677,Cristian,262387308,Cristian,Q15244252
9695122,Ghindeni,382965985,Ghindeni,Q2608690
10631153,Luduș,118115828,Luduș,Q373707
10367436,Sânpetru,122341518,Sânpetru,Q15279385
11318837,Crăciunești,460354545,Crăciunești,Q1089792
10760875,Gheorgheni,122304857,Gheorgheni,Q754724
12498965,Cogealac,282294999,Cogealac,Q868214
13137185,Ciofrângeni,422880379,Ciofrângeni,Q2348382
10744300,Seini,140067504,Seini,Q666373
10514435,Moșna,448949190,Moșna,Q1075766
13144834,Prigor,461602737,Prigor,Q1084299
12821266,Dumbrava,268302601,Dumbrava,Q14070464
11321866,Lenauheim,34088275,Lenauheim,Q870864
12131967,,891881389,,Q2903652
9695120,Drănic,305907168,Drănic,Q2468491
9982647,Săliște,139894877,Săliște,Q3573941
9219948,,6679314,,Q2438437
9744220,Găvănești,346376888,Găvănești,Q2549883
10513825,Băuțar,34088337,Băuțar,Q75522
5410163,50: Solomon => Livada Poștei,942097971,Strada Poarta Schei,Q34983761
5410197,51: Pe Tocile => Gara Brașov,942097971,Strada Poarta Schei,Q34983761
12701822,,942097971,Strada Poarta Schei,Q34983761
5410209,52: Pe Tocile =>Roman (Panselelor),942097971,Strada Poarta Schei,Q34983761
9714876,Salcia,429957430,Salcia,Q5071275
11319215,Dalboșeț,460377784,Dalboșeț,Q75519
9695252,Poiana Mare,386870796,Poiana Mare,Q587543
10519776,Ticușu,460107256,Ticușu Vechi,Q3891358
11321093,Ungheni,385677300,Ungheni,Q12164576
9219948,,8820602,,Q1827719
9729696,Hurezani,460200295,Hurezani,Q2718025
11349327,Ceru-Băcăinți,422869190,Ceru-Băcăinți,Q937980
9982554,Cârța,435217415,Cârța,Q1093091
9882385,Dărăști-Ilfov,257730183,Dărăști-Ilfov,Q16426849
11522483,Grădiștea,442892239,Grădiștea,Q12097569
9833350,Lungești,415386228,Lungești,Q3915152
9845358,Pesceana,463290022,Pesceana,Q523672
11321991,Livezile,463254953,Livezile,Q1089925
11349249,Ohaba,422870044,Ohaba,Q383997
11793266,Topraisar,291052691,Topraisar,Q15938827
9982552,Porumbacu de Jos,311511421,Porumbacu de Jos,Q678912
9877727,Afumați,143584662,Afumați,Q2486305
9744231,Șopârlița,346190290,Șopârlița,Q2549849
9881429,Ciorogârla,255587749,Ciorogârla,Q12170626
9219948,,8805646,,Q2853388
9982555,Arpașu de Jos,298022095,Arpașu de Jos,Q680107
9845412,Berislăvești,463263893,Berislăvești,Q526754
13144836,Mehadia,460378240,Mehadia,Q1092694
11544684,Gostinu,261720414,Gostinu,Q5092161
12593530,Berești-Meria,461617836,Berești-Meria,Q2289244
9742491,Scărișoara,346192043,Scărișoara,Q952201
12594104,Rădăuți-Prut,385248552,Rădăuți-Prut,Q2715850
9744219,Vulpeni,346185360,Vulpeni,Q5117092
10744476,Șomcuta Mare,140078828,Șomcuta Mare,Q275895
10513823,Râu de Mori,416690544,Râu de Mori,Q5062707
11321988,Banloc,34088289,Banloc,Q14758001
9219948,,8815711,,Q2399964
11768804,Gălănești,464477262,Gălănești,Q1031848
10514436,Bârghiș,253864044,Bârghiș,Q855637
9685776,Argetoaia,461612450,Argetoaia,Q12078975
10715789,Dofteana,446089681,Dofteana,Q15634795
10366921,Sarichioi,281893245,Sarichioi,Q1065021
12557573,Ațintiș,460352809,Ațintiș,Q867439
9729708,Văgiulești,460201338,Văgiulești,Q2718327
9628658,Podari,461611098,Podari,Q2465789
9744196,Dobroteasa,444646740,Dobroteasa,Q2719526
11321989,Ghilad,289849506,Ghilad,Q1010520
2561748,Călimani - Gurghiu,205335944,Valea Bistrei,Q4716521
9845352,Bunești,463265087,Bunești,Q437181
12131967,,891881391,,Q2903652
12131968,,891881391,,Q2903652
11559841,,287666382,Strada Mureșenilor,Q55581213
9833319,Băbeni,463261348,Băbeni,Q275890
9219948,,1693584,,Q2692597
13137640,Aninoasa,422879848,Aninoasa,Q744742
9742492,Rusănești,346389991,Rusănești,Q959667
10520326,23 August,442022886,23 August,Q5060164
9883777,Beștepe,463188004,Beștepe,Q794476
7683227,Metrou Crângași,610929150,Crângași,Q2199349
11092080,Regiunea de dezvoltare Centru,58990,Raionul Nisporeni,Q878266
13144833,Lăpușnicel,460378159,Lăpușnicel,Q75602
11485020,Răcășdia,461602956,Răcășdia,Q75656
12560058,Voivodeni,460364407,Voivodeni,Q1090722
10631080,Câmpeni,422868227,Câmpeni,Q855187
7772828,Metrou Aviatorilor,582558030,Aviatorilor,Q2874311
11321073,Prisăcani,385677768,Prisăcani,Q2607545
9219948,,8804543,,Q2560201
13137430,Moșoaia,422880906,Moșoaia,Q2534770
9742506,Vădastra,345053312,Vădastra,Q14823583
11318315,Sântandrei,454144785,Sântandrei,Q856482
11793169,Mircea Vodă,442286501,Mircea Vodă,Q1068870
12570911,Solovăstru,460363738,Solovăstru,Q1031625
9729802,Săcelu,308886117,Săcelu,Q542684
10616494,Miercurea Ciuc,142172498,Miercurea Ciuc,Q193420
9845422,Ocnele Mari,2218522433,Ocnele Mari,Q585548
10366920,Babadag,267346054,Babadag,Q386945
9744237,Movileni,345446686,Movileni,Q2719514
9744242,Șerbănești,444655405,Șerbănești,Q396967
10514104,Roșia,454125063,Roșia,Q1188233
10514347,Șeica Mică,454126384,Șeica Mică,Q396918
9711976,Podeni,460206457,Podeni,Q2536675
12709244,Sâg,309849749,Sâg,Q1191333
9742511,Izbiceni,346195523,Izbiceni,Q2549571
11671580,Curtuișeni,454151629,Curtuișeni,Q1190878
9729688,Bărbătești,460196533,Bărbătești,Q2717747
12708268,Negreni,460372153,Negreni,Q1087809
10541478,Cârjiți,461623937,Cârjiți,Q5066019
9964526,Poienarii Burchii,463178672,Poienarii Burchii,Q2720385
11671593,Micula,463186778,Micula,Q1087603
9742489,Mihăești,346197629,Mihăești,Q2719531
10514433,Târnava,207148817,Târnava,Q1077559
9717307,Polovragi,304736139,Polovragi,Q2717722
9849620,Bragadiru,138060394,Bragadiru,Q168921
12593947,Românești,385256365,Românești,Q2534357
9697788,Seaca de Pădure,461882401,Seaca de Pădure,Q12325414
10541654,Tomești,34088360,Tomești,Q1084723
12578308,Socolu de Câmpie,460354474,Cozma,Q1093066
10718900,Oradea,2691094601,Oradea,Q93358
11318324,Zona Metropolitană Oradea,2691094601,Oradea,Q93358
12828831,Pantelimon,432783497,Pantelimon,Q3116217
9219948,,1665226,,Q2233956
9695242,Giubega,461878253,Giubega,Q268932
2750854,Danube Bike Trail,23491767,Giurgiu-Rousse Friendship Bridge,Q203004
2764816,EuroVelo 6 - Atlantic-Black Sea - part Romania,23491767,Giurgiu-Rousse Friendship Bridge,Q203004
11092080,Regiunea de dezvoltare Centru,58991,Raionul Hîncești,Q878297
11299776,Zona Metropolitană Craiova,9628655,Șimnicu de Sus,Q16426525
9219948,,8821536,,Q2903652
10715449,Focșani,27511708,Focșani,Q192265
9748233,Brezoi,140123277,Brezoi,Q526019
11671622,Bătarci,463186396,Bătarci,Q791291
13137423,Mărăcineni,422879654,Mărăcineni,Q3396114
9695105,Urzicuța,344524089,Urzicuța,Q12164745
12560378,Saschiz,122326915,Saschiz,Q946954
12560287,Bălăușeri,59677393,Bălăușeri,Q789336
3362023,,220560948,,Q5845296
9219948,,8804605,,Q3060525
13137636,Mioarele,422880879,Mățău,Q12123146
10488520,Aiton,371087410,Aiton,Q212374
10367437,Șercaia,298022101,Șercaia,Q15273167
11552347,Tămășeu,454146749,Tămășeu,Q1022806
10495790,Cajvana,464370364,Cajvana,Q275810
11671684,Racșa,463186867,Racșa,Q836528
11318528,Vultureni,460376776,Vultureni,Q239519
9642715,Mischii,317935057,Mischii,Q761521
12821268,Ciorani,462595676,Cioranii de Jos,Q12170458
9219948,,8815331,,Q2130497
11321090,Probota,385264866,Probota,Q2001420
10520477,Valu lui Traian,441175283,Valu lui Traian,Q931160
9845371,Grădiștea,463274181,Grădiștea,Q919424
9729704,Bolboși,460197148,Bolboși,Q2717817
10514098,Vurpăr,286722611,Vurpăr,Q1077190
9744245,Mărunței,344962384,Mărunței,Q678296
10488519,Tureni,2043991444,Tureni,Q1007278
9833322,Galicea,463271922,Galicea,Q2109923
10492536,Făget,34088265,Făget,Q851048
10514881,Budila,413585017,Budila,Q16425892
10541408,Răchitova,34088380,Răchitova,Q1939006
10513820,Rusca Montană,461602959,Rusca Montană,Q1001096
9883792,Ceamurlia de Jos,384748638,Ceamurlia de Jos,Q859186
9219948,,8820583,,Q1967619
9883486,Nuci,295137654,Nuci,Q1656404
10494272,Călan,461626376,Călan,Q518992
5410163,50: Solomon => Livada Poștei,942097970,Strada Poarta Schei,Q34983761
5410197,51: Pe Tocile => Gara Brașov,942097970,Strada Poarta Schei,Q34983761
5410209,52: Pe Tocile =>Roman (Panselelor),942097970,Strada Poarta Schei,Q34983761
12570733,Chiheru de Jos,460354442,Chiheru de Jos,Q678196
11544657,Năsturelu,280239354,Năsturelu,Q2721053
9833324,Scundu,463294491,Scundu,Q2602827
9744204,Teslui,346187425,Teslui,Q609333
9882384,Jilava,255536827,Jilava,Q1654950
11318526,Chinteni,460371595,Chinteni,Q719714
12557850,Mica,460361948,Mica,Q1044078
10520325,Costinești,118152242,Costinești,Q869365
10513822,Totești,461633449,Totești,Q5064990
9219948,,1159227,,Q3352460
9846232,Ucea,298022096,Ucea de Jos,Q679787
11552348,Roșiori,454151663,Roșiori,Q1022809
13144658,Buzoești,422880195,Buzoești,Q1896983
11321076,Schitu Duca,385696416,Schitu Duca,Q2719113
11318310,Sânmartin,253401257,Sânmartin,Q13725268
9877781,Moara Vlăsiei,242472114,Moara Vlăsiei,Q1939409
9983565,Arefu,422879831,Arefu,Q610233
10494276,Orăștie,117030632,Orăștie,Q262472
9716451,Obârșia-Cloșani,460204757,Obârșia-Cloșani,Q12134898
9729706,Turceni,138027552,Turceni,Q186214
10694375,Pucioasa,140176331,Pucioasa,Q589880
10697456,Giurgiu,119510228,Giurgiu,Q202351
10743050,Negrești-Oaș,54705384,Negrești-Oaș,Q772576
9219948,,8824162,,Q2332375
13140563,Priboieni,422881123,Priboieni,Q1921758
10541476,Vețel,207178396,Vețel,Q12089032
10052719,Regiunea de dezvoltare Nord,58984,Raionul Fălești,Q878375
9845425,Muereasca,463285417,Muereasca,Q2722750
10534630,Surdila-Greci,325119829,Surdila-Greci,Q12158799
13137187,Cepari,422880327,Ceparii Pământeni,Q12169533
10514934,Poiana Mărului,380855974,Poiana Mărului,Q580851
10487104,Vădeni,258326284,Vădeni,Q2535722
9628656,Ghercești,317934826,Ghercești,Q2468590
11318838,Cristești,306025884,Cristești,Q1096301
11366847,Cristești,306025884,Cristești,Q1096301
13144858,Cornereva,460377249,Cornereva,Q1189446
10576598,Vernești,264354979,Vernești,Q12088760
10541622,Hărău,461630471,Hărău,Q5065504
9717303,Telești,460201123,Telești,Q2717887
7683221,Metrou Constantin Brâncoveanu (M2),582558538,Constantin Brâncoveanu,Q2994959
9851026,Buftea,255591401,Buftea,Q217131
11671595,Dorolț,463186540,Dorolț,Q1188950
9982644,Orlat,377691770,Orlat,Q1093109
9742516,Grojdibodu,345060242,Grojdibodu,Q2719167
10494270,Băcia,260363163,Băcia,Q852600
10715595,Târgu Bujor,302603406,Târgu Bujor,Q592480
9219948,,8815343,,Q2661992
10631057,Blaj,422868211,Blaj,Q624236
11768779,Cârlibaba,464376667,Cârlibaba,Q241980
9877783,Dascălu,242435106,Dascălu,Q1653912
13144935,Brebu Nou,34088407,Brebu Nou,Q515559
9964684,Ciurea,386847973,Ciurea,Q2607482
9833320,Dănicei,463267993,Dealu Lăunele,Q12103069
9744244,Izvoarele,345444590,Izvoarele,Q2719609
9219948,,8820892,,Q2693746
12498958,Horia,289905583,Horia,Q1055134
9219948,,8820726,,Q662383
10519798,Hoghiz,122335179,Hoghiz,Q15256061
11322070,Cărpiniș,34088264,Cărpiniș,Q14776803
10541404,Ghelari,34088349,Ghelari,Q12094572
10367447,Lisa,435188641,Lisa,Q671987
9711979,Bâlvănești,460205533,Bâlvănești,Q2258398
9711986,Ilovița,460206400,Ilovița,Q2026105
9744217,Iancu Jianu,346196491,Iancu Jianu,Q2549867
10514103,Nocrich,253864606,Nocrich,Q1096317
10541105,Pui,461632174,Pui,Q5062644
10514344,Mihăileni,301743777,Mihăileni,Q1077845
9642714,Bucovăț,318219139,Bucovăț,Q2294097
10534711,Măxineni,366560295,Măxineni,Q8272849
12577677,Grebenișu de Câmpie,460359824,Grebenișu de Câmpie,Q1176515
7772841,Metrou Nicolae Teclu,5257635113,Nicolae Teclu,Q1998224
10515004,Holbav,460110294,Holbav,Q15256089
7958145,Macroregiunea Unu,1427500,Centru,Q250330
13137184,Poienarii de Argeș,422880970,Poienari,Q12143162
12576718,Deda,460355154,Deda,Q94888
7957817,Macroregiunea Doi,7957892,Sud-Est,Q649864
9624263,Craiova,390384649,Craiova,Q168057
11299776,Zona Metropolitană Craiova,390384649,Craiova,Q168057
11487767,Pilu,317371150,Pilu,Q5062839
10715752,Onești,270078199,Onești,Q543436
11768802,Mușenița,464511827,Mușenița,Q369728
10718302,Ciacova,34088263,Ciacova,Q325736
9729690,Logrești,460200364,Târgu Logrești,Q12161316
10715890,Baraolt,130400178,Baraolt,Q533078
9883789,Sfântu Gheorghe,128567427,Sfântu Gheorghe,Q1187750
11322067,Variaș,34088271,Variaș,Q1018953
7958145,Macroregiunea Unu,907872607,Тиса - Tisa,Q134350
9714872,Gârla Mare,429957429,Gârla Mare,Q2176284
9964687,Holboca,255999372,Holboca,Q1037420
10520478,Murfatlar,441175251,Murfatlar,Q593157
9695240,Radovan,305906979,Radovan,Q2606367
9744240,Ghimpețeni,346379969,Ghimpețeni,Q2549834
10630982,Alba Iulia,422868186,Alba Iulia,Q174665
10363622,Măcin,394548114,Măcin,Q851001
10541099,Bănița,461625617,Bănița,Q12081936
9219948,,8824087,,Q2443896
13137188,Valea Danului,422881412,Valea Danului,Q2484451
12821264,Bucov,118247625,Bucov,Q12085503
10748543,Piatra Neamț,130484930,Piatra Neamț,Q187945
9219948,,8805154,,Q900900
7958145,Macroregiunea Unu,128853217,Тиса - Tisa,Q134350
11672645,Câmpulung la Tisa,128853217,Тиса - Tisa,Q134350
10514882,Tărlungeni,336389943,Tărlungeni,Q15279391
9833341,Mădulari,345590559,Mădulari,Q2050842
9711985,Svinița,460206642,Svinița,Q278492
9744248,Osica de Jos,444646836,Osica de Jos,Q2549782
9697789,Carpen,404194672,Carpen,Q2468571
12593742,Moșna,385675425,Moșna,Q16426819
11793167,Cuza Vodă,442288944,Cuza Vodă,Q643719
10492537,Curtea,463255780,Coșava,Q829173
12593528,Cavadinești,461618711,Cavadinești,Q2289293
9717301,Ciuperceni,460198783,Ciuperceni,Q2717787
9744207,Strejești,302796868,Strejești,Q3879400
9219948,,1159225,,Q5930047
11319212,Lăpușnicu Mare,460378170,Lăpușnicu Mare,Q75490
10697872,Stelnica,341933128,Stelnica,Q13366865
11319214,Gârnic,391032682,Gârnic,Q12724834
10697891,Negru Vodă,144352137,Negru Vodă,Q305001
12578157,Fărăgău,460359151,Fărăgău,Q996082
12578065,Tăureni,460363880,Tăureni,Q250196
9714857,Bâcleș,460205523,Bâcleș,Q1846565
11318836,Corunca,316714625,Corunca,Q1069177
9695099,Rast,386871936,Rast,Q972291
10744435,Săcel,462246809,Săcel,Q612539
9716447,Șovarna,460206697,Șovarna,Q2465395
12828832,Anghel Saligny,1996550393,Anghel Saligny,Q2849579
10495795,Fălticeni,305967654,Fălticeni,Q303015
12593743,Cozmești,385673888,Cozmești,Q2718462
10643312,Deta,34088269,Deta,Q851007
10367679,Predeal,60012726,Predeal,Q511951
13137472,Dragoslavele,301133952,Dragoslavele,Q2089614
11318877,Sânpaul,306025880,Sânpaul,Q1096366
11522482,Dorobanțu,284182265,Dorobanțu,Q12102106
9845355,Păusești,463288374,Păușești,Q2298088
9833333,Glăvile,463272553,Glăvile,Q2721408
9964678,Rediu,261939188,Rediu,Q2607423
9729689,Dănciulești,460199822,Dănciulești,Q2717656
11318851,Acățari,59678003,Acățari,Q1090695
13137646,Coșești,422880497,Coșești,Q2348340
12577914,Băla,460352961,Băla,Q789134
12557625,Bichiș,460353195,Bichiș,Q662157
9983561,Fundata,262389229,Fundata,Q15244495
10363618,Luncavița,394565322,Luncavița,Q1159915
11319221,Sichevița,391032216,Sichevița,Q1070200
9833338,Crețeni,415385712,Crețeni,Q2298118
9919242,,264457695,,Q2903652
9219948,,8815989,,Q2222842
11485060,Moravița,34088346,Moravița,Q1079937
11671577,Ciumești,463187045,Ciumești,Q5056550
10367445,Hârseni,460093918,Hârseni,Q15256020
11318527,Borșa,460370282,Borșa,Q1089942
12593681,Pădureni,463298999,Pădureni,Q2297481
10715832,Buhuși,130482679,Buhuși,Q756585
10367442,Făgăraș,129950988,Făgăraș,Q685869
9219948,,8821017,,Q2217331
9744202,Verguleasa,444655515,Verguleasa,Q12088682
9714865,Vlădaia,460206754,Vlădaia,Q12089881
10697996,Hârșova,118236134,Hârșova,Q748068
10541100,Baru,461627086,Baru,Q809628
10715787,Comănești,262448848,Comănești,Q756590
13137471,Stoenești,422881386,Stoenești,Q2486587
11318484,Aghireșu,460369842,Aghireșu,Q284669
10631156,Turda,57772848,Turda,Q209809
12578436,Batoș,460352910,Batoș,Q810885
10643313,Gătaia,34088261,Gătaia,Q325732
9716442,Malovăț,460206435,Malovăț,Q975394
10514437,Biertan,130583539,Biertan,Q793388
10487782,Constanța,317989136,Constanța,Q79808
11671619,Cămărzana,463186460,Cămărzana,Q647326
10560414,Metrou Laminorului,4786918775,Laminorului,Q3216768
10541473,Ilia,34088309,Ilia,Q5062445
11318524,Jucu,460374125,Jucu de Sus,Q3890105
12594179,Pomârla,447926953,Pomârla,Q2715857
10694407,Ploiești,60018211,Ploiești,Q179585
9219948,,8804769,,Q900899
10694393,Titu,140179209,Titu,Q280364
9833325,Ionești,463275656,Ionești,Q2297612
11349492,Bucerdea Grânoasă,422869335,Bucerdea Grânoasă,Q1092561
12594182,Mihăileni,392359476,Mihăileni,Q2534460
9877726,Găneasa,255534613,Găneasa,Q1656427
9744218,Dobrețu,444646643,Dobrețu,Q2292746
10534713,Scorțaru Nou,460065082,Scorțaru Nou,Q2780048
9219948,,5369822,,Q1838885
11318859,Ceuașu de Câmpie,460354024,Ceuașu de Câmpie,Q1093049
11671693,Orașu Nou,463186859,Orașu Nou,Q782838
9714844,Corcova,460205956,Corcova,Q2353798
7958145,Macroregiunea Unu,1427499,Nord-Vest,Q602335
11670644,Vetiș,300741132,Vetiș,Q1188516
11793165,Mihail Kogălniceanu,137483173,Mihail Kogălniceanu,Q1077654
10715864,Sfântu Gheorghe,128566747,Sfântu Gheorghe,Q202362
11671683,Târșolț,463187146,Târșolț,Q1079047
12594177,Cristinești,391291626,Cristinești,Q2715917
9982645,Tilișca,254199436,Tilișca,Q1077568
10541403,Cerbăl,34088410,Cerbăl,Q5053353
13137642,Bălilești,422879950,Bălilești,Q2534288
10534561,Cireșu,369685387,Cireșu,Q12170289
9695112,Măceșu de Sus,461879039,Măceșu de Sus,Q2467020
10718400,Cenad,34088298,Cenad,Q14776866
9679411,Segarcea,138005562,Segarcea,Q850974
10514253,Ludoș,260626867,Ludoș,Q1077551
13137695,Albota,422879814,Albota,Q2348255
13137427,Cocu,422880441,Răchițele de Jos,Q12147511
10514348,Șura Mică,454126635,Șura Mică,Q423391
10541406,Bunila,34088413,Bunila,Q5064659
11349326,Vințu de Jos,422871034,Vințu de Jos,Q684638
10514345,Șeica Mare,128569836,Șeica Mare,Q396909
9849522,Voluntari,257093517,Voluntari,Q639520
9717310,Mușetești,308888058,Mușetești,Q2718386
8870335,,245939236,,Q2903652
9744233,Ipotești,401148771,Ipotești,Q2549753
13144936,Văliug,34088395,Văliug,Q920517
11768778,Izvoarele Sucevei,306912941,Izvoarele Sucevei,Q1089013
9219948,,8820616,,Q2779855
10514432,Bazna,454121843,Bazna,Q812683
10697851,Cernavodă,118226794,Cernavodă,Q736276
9744238,Nicolae Titulescu,444649931,Nicolae Titulescu,Q949508
10520339,Tuzla,140275556,Tuzla,Q1065953
12709716,Borod,454146885,Borod,Q15768741
10718578,Curtici,114362107,Curtici,Q850982
9983560,Sălătrucel,463294261,Sălătrucel,Q12151788
9219948,,8820539,,Q4991253
10715929,Băile Tușnad,262780790,Băile Tușnad,Q837968
9695127,Mârșani,403832083,Mârșani,Q773867
9711977,Cireșu,460205910,Cireșu,Q371856
9219948,,8814986,,Q2787104
10631068,Abrud,422868197,Abrud,Q331577
9845415,Dăești,463267688,Dăești,Q2288257
9742479,Cezieni,344961356,Cezieni,Q2719266
11672772,Bocicoiu Mare,907378853,Тиса - Tisa,Q134350
7958145,Macroregiunea Unu,907378853,Тиса - Tisa,Q134350
11671623,Gherța Mică,463186554,Gherța Mică,Q1079496
12557483,Bogata,460353216,Bogata,Q1096235
9729699,Aninoasa,460196129,Aninoasa,Q542905
10743053,Șimleu Silvaniei,129993253,Șimleu Silvaniei,Q3846983
12545304,Vlădești,461622713,Vlădești,Q2289419
9833351,Ștefănești,463296103,Ștefănești,Q2298923
11485097,Voiteg,34088352,Voiteg,Q1022869
11318832,Sâncraiu de Mureș,306021131,Sâncraiu de Mureș,Q325054
10514936,Bran,262388424,Bran,Q15233674
9744225,Găneasa,345064536,Găneasa,Q2719016
12577696,Șincai,460363851,Șincai,Q1089776
9716438,Motru,138011262,Motru,Q238696
9219948,,8804591,,Q1812563
9695130,Amărăștii de Sus,403838687,Amărăștii de Sus,Q12077991
12557659,Adămuș,460352658,Adămuș,Q1090172
12545309,Vânători,250525747,Vânători,Q2291891
10520139,Dumbrăvița,313686945,Dumbrăvița,Q1081319
9883483,Ciolpani,278654151,Ciolpani,Q12170439
10534624,Ianca,280733047,Ianca,Q899551
13144656,Hârsești,422880801,Hârsești,Q1035798
9695237,Vârtop,384638818,Vârtop,Q2334983
9883791,Jurilovca,110824087,Jurilovca,Q1091518
13137697,Săpata,422881236,Mârțești,Q12123562
9744203,Oporelu,444653683,Oporelu,Q2719489
9850113,Pantelimon,138067316,Pantelimon,Q169135
11321865,Iecea Mare,463255419,Iecea Mare,Q984235
11322072,Dudeștii Noi,260440406,Dudeștii Noi,Q949293
10664190,Ștefănești,422879658,Ștefănești,Q209977
11318831,Pănet,460362505,Pănet,Q1090714
11793344,Aliman,291067587,Aliman,Q650279
12560359,Vețca,268485652,Vețca,Q1092574
9845419,Nicolae Bălcescu,463285794,Rotărăști,Q12148926
10643314,Lugoj,31726127,Lugoj,Q258981
9695101,Cerăt,305906768,Cerăt,Q2193040
9695109,Goicea,386873044,Goicea,Q1011377
9219948,,8828240,,Q2394661
13137647,Pietroșani,422881024,Pietroșani,Q2534807
12593954,Trifești,385264607,Trifești,Q2719626
9695107,Bistreț,1932125516,Bistreț,Q1927985
12498962,Fântânele,448209991,Fântânele,Q1004656
9744246,Fălcoiu,444647145,Fălcoiu,Q2718880
9833331,Mitrofani,463296076,Mitrofani,Q2355316
11318835,Livezeni,269447769,Livezeni,Q1090416
11672592,Săpânța,262602642,Săpânța,Q782980
13144657,Stolnici,383847026,Stolnici,Q2470411
10631056,Ocna Mureș,118105779,Ocna Mureș,Q837152
9729757,Bâlteni,460196965,Bâlteni,Q2538916
9983563,Rucăr,130607410,Rucăr,Q2534789
10514935,Zărnești,130572409,Zărnești,Q248959
10718910,Aleșd,129971232,Aleșd,Q851029
11552323,Macea,119866632,Macea,Q1066818
11322071,Becicherecu Mic,34088283,Becicherecu Mic,Q14772465
9714848,Dumbrava,460206297,Dumbrava de Jos,Q15931496
10664124,Zimnicea,130313050,Zimnicea,Q203929
9717299,Târgu Cărbunești,460195363,Târgu Cărbunești,Q666521
7958145,Macroregiunea Unu,851821794,Тиса - Tisa,Q134350
11672592,Săpânța,851821794,Тиса - Tisa,Q134350
11318525,Bonțida,460370269,Bonțida,Q628100
11671576,Foieni,463186553,Foieni,Q5063614
9685783,Tălpaș,461877839,Tălpaș,Q2543203
11319220,Coronini,461602498,Coronini,Q1069554
11497420,Cetățeni,422880288,Cetățeni,Q2534279
10494275,Deva,26980624,Deva,Q204850
9714841,Stângăceaua,460206625,Stângăceaua,Q12157935
9219948,,8815149,,Q2321207
9742486,Dăneasa,344961501,Dăneasa,Q2719592
13137639,Godeni,301126653,Godeni,Q12096413
9697778,Goiești,461878496,Goiești,Q1846314
9748232,Câineni,463265868,Câinenii Mici,Q12109817
10541477,Bătrâna,461627289,Bătrâna,Q5064626
9982545,Sadu,130563456,Sadu,Q1189089
10694388,Găești,140174166,Găești,Q125604
9744215,Morunglav,346360735,Morunglav,Q2719272
12593739,Grozești,366109133,Grozești,Q2718189
11349250,Ciugud,422868191,Ciugud,Q936124
10698244,Râmnicu Sărat,141763657,Râmnicu Sărat,Q617624
9695254,Ciupercenii Noi,405912280,Ciupercenii Noi,Q2468466
10534716,Gemenele,385174842,Gemenele,Q8272872
11321871,Comloșu Mare,34088292,Comloșu Mare,Q535485
12593529,Suceveni,461622478,Suceveni,Q2717128
10534626,Vișani,460070932,Vișani,Q3691118
10772483,Hârlău,4237993189,Hârlău,Q851042
9219948,,8815595,,Q2468789
10698115,Lehliu-Gară,142276465,Lehliu-Gară,Q912204
11520345,Deleni,291064301,Deleni,Q903487
13137432,Vedea,422881463,Vedea,Q2535261
9882381,Vidra,255442870,Vidra,Q3827776
10367444,Voila,245956740,Voila,Q608864
12594180,Hilișeu-Horia,447925501,Hilișeu-Horia,Q2715911
10697432,Mihăilești,140191614,Mihăilești,Q963829
10534556,Tufești,390951139,Tufești,Q1155345
10487258,Berteștii de Jos,312032937,Berteștii de Jos,Q5112125
12498964,Grădina,282296785,Grădina,Q1028459
9664753,Bechet,138000688,Bechet,Q253872
11349494,Mihalț,422869984,Mihalț,Q731535
11552332,Gepiu,454151073,Gepiu,Q1066264
10366931,Peceneaga,463188534,Peceneaga,Q1041601
12594181,Dersca,447924200,Dersca,Q2534430
9883787,Crișan,463187833,Crișan,Q869834
11768791,Straja,464527842,Straja,Q2719738
10664173,Curtea de Argeș,129642766,Curtea de Argeș,Q652838
10718592,Chișineu-Criș,422877554,Chișineu-Criș,Q508670
12593680,Dimitrie Cantemir,463298213,Hurdugi,Q12168027
10772195,Săveni,2043991438,Săveni,Q247807
7772832,Metrou Piața Romană,582555685,Piața Romană,Q3116212
10488522,Apahida,255376588,Apahida,Q221331
11318834,Sângeorgiu de Mureș,316757262,Sângeorgiu de Mureș,Q1092812
11671545,Cămin,463186347,Cămin,Q1058712
10697530,Călărași,142256099,Călărași,Q212561
11768806,Bilca,464348930,Bilca,Q2606095
11349329,Șibot,422870941,Șibot,Q13482009
11552219,Seaca,463189990,Seaca,Q2721518
11522484,Cuza Vodă,442891890,Cuza Vodă,Q12115470
9982548,Boița,454126771,Boița,Q833686
10694406,Blejoi,178918877,Blejoi,Q804450
9219948,,8825475,,Q1907862
9695104,Afumați,344523909,Afumați,Q12079785
10494268,Mărtinești,461631392,Mărtinești,Q5064776
9744239,Tufeni,394828614,Tufeni,Q2719007
11349258,Gârbova,422869512,Gârbova,Q949473
10718405,Sânnicolau Mare,34088252,Sânnicolau Mare,Q837161
9695125,Rojiște,382967897,Rojiște,Q2539211
9219948,,8815692,,Q2490778
10664172,Mioveni,129639790,Mioveni,Q732851
10694365,Moreni,140171278,Moreni,Q685811
9845359,Roești,463292833,Roești,Q2298496
10493445,Vulcan,139921758,Vulcan,Q837964
10718423,Nădlac,34088260,Nădlac,Q508313
9729779,Roșia de Amaradia,460200762,Roșia de Amaradia,Q2718340
7683232,Titan,2144709872,Titan,Q649962
9742495,Gostavățu,346193346,Gostavățu,Q2719274
10541407,Lunca Cernii de Jos,34088390,Lunca Cernii de Jos,Q5054267
12545306,Foltești,302604603,Foltești,Q2716893
10697289,Lipănești,155408616,Lipănești,Q14193673
11520348,Cerchezu,448209009,Cerchezu,Q859620
10744452,Târgu Lăpuș,462244102,Târgu Lăpuș,Q386888
11321867,Lovrin,34088258,Lovrin,Q671395
9219948,,8820869,,Q1961487
9744224,Bârza,344970139,Bârza,Q2542035
9729707,Borăscu,460197396,Borăscu,Q2718036
9744188,Optași-Măgura,444653768,Optași,Q12737214
10697401,Talea,463180542,Talea,Q12159836
10515006,Codlea,139950254,Codlea,Q754733
11672770,Rona de Sus,259224162,Rona de Sus,Q999458
12593744,Gorban,385671723,Gorban,Q2607508
9714846,Greci,460206343,Greci,Q2605908
7958145,Macroregiunea Unu,971518850,Тиса - Tisa,Q134350
12557447,Chețani,460354390,Chețani,Q1090051
10514438,Ațel,454121734,Ațel,Q794917
10541479,Peștișu Mic,260125424,Pestișu Mic,Q12725031
13144662,Teiu,422881531,Teiu,Q2626018
10541104,Sălașu de Sus,416690560,Sălașu de Sus,Q5062395
9695126,Apele Vii,344964609,Apele Vii,Q12724511
11318486,Sânpaul,460376174,Sânpaul,Q1076069
10541618,Balșa,461627041,Balșa,Q789736
9729705,Urdari,460201330,Urdari,Q2717917
11322029,Pădureni,289852142,Pădureni,Q663305
9744191,Făgețelu,346374612,Făgețelu,Q388519
11793164,Lumina,441178680,Lumina,Q1159853
11321870,Gottlob,463256611,Gottlob,Q1084879
10514880,Teliu,346147353,Teliu,Q15279414
10514251,Păuca,454124953,Păuca,Q1188209
10514434,Mediaș,114320365,Mediaș,Q374465
10697288,Păulești,132582006,Păulești,Q14237692
9742480,Dobrosloveni,444646666,Dobrosloveni,Q2719578
7958145,Macroregiunea Unu,103195656,Тиса - Tisa,Q134350
7662631,Bălușeni,447923465,Bălușeni,Q855734
11636493,,226296544,Căldăraru,Q12109448
11552333,Cefa,454151069,Cefa,Q1093228
10366929,Dorobanțu,463187838,Dorobanțu,Q909144
9697793,Vârvoru de Jos,461883337,Vârvoru de Jos,Q2465775
10744322,Sighetu Marmației,128554280,Sighetu Marmației,Q334874
7958145,Macroregiunea Unu,907481651,Тиса - Tisa,Q134350
11672592,Săpânța,907481651,Тиса - Tisa,Q134350
9219948,,8828414,,Q2261998
10698116,Căzănești,460204496,Căzănești,Q276164
12498959,Topalu,289906896,Topalu,Q1077657
9744252,Slatina,138033311,Slatina,Q207074
10715429,Siriu,447936841,Lunca Jariștei,Q12118806
10694433,Bușteni,60012776,Bușteni,Q265012
9219948,,50993,,Q2322145
12578094,Zau de Câmpie,460364501,Zau de Câmpie,Q1092538
9695114,Gângiova,461878323,Gângiova,Q1818721
9714843,Strehaia,137971248,Strehaia,Q777619
10694392,Braniștea,448215151,Braniștea,Q12084583
7772824,Piața Iancului,518726893,Piața Iancului,Q549259
9982642,Poiana Sibiului,254203305,Poiana Sibiului,Q682687
9695249,Seaca de Câmp,461882272,Seaca de Câmp,Q2465714
11485096,Birda,463256209,Birda,Q14771631
11793343,Rasova,291067819,Rasova,Q1077665
10495792,Rădăuți,264527858,Rădăuți,Q431347
12498963,Pantelimon,460158098,Pantelimon,Q1188177
9845353,Stoenești,463295871,Stoenești,Q2298902
11153105,A3 - Targu Mures - Brasov,905914198,Traseul A3 Brașov - Făgăraș,Q429582
7958145,Macroregiunea Unu,907481650,Тиса - Tisa,Q134350
11672592,Săpânța,907481650,Тиса - Tisa,Q134350
12709722,Aușeu,454146148,Aușeu,Q12724524
10519770,Homorod,460096667,Homorod,Q1070950
10744436,Moisei,258993268,Moisei,Q12735837
9219948,,8806108,,Q2011149
12593948,Santa Mare,385262004,Santa Mare,Q2716368
9729755,Dănești,306685726,Dănești,Q2717843
10743031,Carei,128555565,Carei,Q754725
11671594,Lazuri,463186758,Lazuri,Q1076447
5410163,50: Solomon => Livada Poștei,271473113,Strada Poarta Schei,Q34983761
5410197,51: Pe Tocile => Gara Brașov,271473113,Strada Poarta Schei,Q34983761
5410209,52: Pe Tocile =>Roman (Panselelor),271473113,Strada Poarta Schei,Q34983761
9219948,,1159229,,Q1816549
10748371,Miercurea Nirajului,269447504,Miercurea Nirajului,Q166829
12560238,Suplac,1708455307,Suplac,Q1087578
8870335,,639633090,,Q2903652
9742482,Stoicănești,394830210,Stoicănești,Q3878950
7772820,Metrou Jiului,2844677026,Jiului,Q12731373
10363612,Izvoarele,463187877,Izvoarele,Q1091573
10744552,Zalău,129993092,Zalău,Q145292
9845418,Milcoiu,463284801,Milcoiu,Q2721399
10742994,Săcueni,137950332,Săcueni,Q376233
10748370,Sângeorgiu de Pădure,460363548,Sângeorgiu de Pădure,Q169064
11672593,Remeți,886564669,Тиса - Tisa,Q134350
7958145,Macroregiunea Unu,886564669,Тиса - Tisa,Q134350
12560265,Zagăr,460364492,Zagăr,Q140478
11485098,Denta,34088326,Denta,Q904045
9714854,Rogova,460206618,Rogova,Q2465565
9845421,Râmnicu Vâlcea,140109135,Râmnicu Vâlcea,Q192758
9883790,Murighiol,281380576,Murighiol,Q1066648
13137641,Vlădești,422881682,Vlădești,Q2535286
9716436,Cătunele,460198467,Cătunele,Q2717443
9717308,Baia de Fier,304744871,Baia de Fier,Q2717973
10744556,Beclean,140097206,Beclean,Q794200
9833321,Stoilești,463295989,Stoilești,Q2280881
5410163,50: Solomon => Livada Poștei,23651284,Strada Poarta Schei,Q34983761
5410197,51: Pe Tocile => Gara Brașov,23651284,Strada Poarta Schei,Q34983761
5410209,52: Pe Tocile =>Roman (Panselelor),23651284,Strada Poarta Schei,Q34983761
9697791,Orodel,384655002,Orodel,Q2468555
10363616,Isaccea,394565332,Isaccea,Q248018
9219948,,38266,,Q2921256
10367438,Șinca,380850039,Șinca Veche,Q899700
12557710,Cucerdea,460354941,Cucerdea,Q950492
10363615,Niculițel,394565341,Niculițel,Q953724
13137190,Valea Iașului,317657624,Valea Iașului,Q12087669
9219948,,8827470,,Q2405475
9695106,Catane,386871995,Catane,Q2606847
10363620,Greci,394564273,Greci,Q1028082
9685769,Gogoșu,461878372,Gogoșu,Q2361921
10694366,Târgoviște,116851075,Târgoviște,Q188673
9729700,Brănești,460197655,Brănești,Q780153
10698170,Fierbinți-Târg,460204640,Fierbinți-Târg,Q275645
10534622,Unirea,280737864,Unirea,Q2716458
9219948,,7393702,DN12C,Q5220651
11318313,Cetariu,454151156,Cetariu,Q1188611
9695123,Leu,308012947,Leu,Q1967877
10643278,Caransebeș,34088249,Caransebeș,Q33208
9714864,Bălăcița,460205519,Bălăcița,Q283479
12593953,Roșcani,462240661,Roșcani,Q2718469
11321074,Costuleni,300660451,Costuleni,Q2718457
10513826,Marga,34088403,Marga,Q75509
11672772,Bocicoiu Mare,907465447,Тиса - Tisa,Q134350
7958145,Macroregiunea Unu,907465447,Тиса - Tisa,Q134350
11672644,Sarasău,872375412,Тиса - Tisa,Q134350
7958145,Macroregiunea Unu,872375412,Тиса - Tisa,Q134350
10534628,Jirlău,366565748,Jirlău,Q12104547
9851022,Tunari,234781003,Tunari,Q1707028
10761290,Târgu Frumos,151012872,Târgu Frumos,Q756578
10697306,Teișani,463180559,Teișani,Q12160317
9744193,Sâmburești,444655138,Sâmburești,Q12152685
10744322,Sighetu Marmației,775721569,Тиса - Tisa,Q134350
7958145,Macroregiunea Unu,775721569,Тиса - Tisa,Q134350
9742499,Vlădila,345437728,Vlădila,Q12089908
9717320,Novaci,304744683,Novaci,Q386091
9714840,Butoiești,460205753,Butoiești,Q1861214
13137193,Cicănești,2492858579,Cicănești,Q2534337
9219948,,8815321,,Q2216068
11318849,Gălești,269447766,Gălești,Q1096306
11318523,Căianu,460370345,Căianu,Q1012565
9744222,Oboga,444649994,Oboga,Q2542001
10495786,Vicovu de Sus,392054264,Vicovu de Sus,Q276145
13144857,Domașnea,460377969,Domașnea,Q75550
9219948,,8804704,,Q2440111
9219948,,8804611,,Q2635520
12577426,Aluniș,460352722,Aluniș,Q1096291
10520136,Crizbav,460093142,Crizbav,Q15244315
9714855,Vânjuleț,460206752,Vânjuleț,Q12089406
10664180,Câmpulung,130609433,Câmpulung,Q736296
10968594,Neagra Șarului,366855805,Neagra Șarului,Q4683327
10492533,Zam,34088359,Zam,Q5062934
10694374,Fieni,253761146,Fieni,Q678884
10631155,Câmpia Turzii,118103814,Câmpia Turzii,Q458422
11321998,Checea,289359566,Checea,Q12346145
13144726,Ștefan cel Mare,422881296,Ștefan cel Mare,Q941574
9628657,Malu Mare,382965536,Malu Mare,Q1667944
10514101,Marpod,448934275,Marpod,Q1076600
11487736,Semlac,34088314,Semlac,Q257958
11552237,Surdila-Găiseanca,460067682,Surdila-Găiseanca,Q12158796
9716450,Baia de Aramă,290161365,Baia de Aramă,Q778516
9919243,,76705066,,Q2903652
9919242,,76705066,,Q2903652
9919241,,76705066,,Q2903652
9219948,,1169079,Transalpina,Q3123382
9850359,Măgurele,255537074,Măgurele,Q2198771
11319211,Sasca Montană,391038101,Sasca Montană,Q1076076
11349493,Crăciunelu de Jos,207417588,Crăciunelu de Jos,Q664814
10488515,Florești,129636611,Florești,Q913997
10519799,Apața,460083031,Apața,Q1070596
13140559,Leordeni,295840777,Leordeni,Q2296585
12545301,Băneasa,461618429,Băneasa,Q2289234
9219948,,8827479,,Q2510253
10520337,Techirghiol,118174653,Techirghiol,Q912224
9625059,Cârcea,262329993,Cârcea,Q2268617
11322077,Remetea Mare,34088319,Remetea Mare,Q1195047
11497419,Văleni,460187557,Văleni-Dâmbovița,Q12088201
10697400,Adunați,462583833,Adunați,Q12077072
1829040,111,462592447,Grădiștea,Q12097571
7772823,Metrou Grivița,5257635108,Grivița,Q1842024
11318521,Dăbâca,460372842,Dăbâca,Q1018474
9714858,Pădina,460206447,Pădina Mare,Q12139343
10052719,Regiunea de dezvoltare Nord,59002,Raionul Briceni,Q753795
11552334,Mădăras,454153595,Mădăras,Q1088243
13144660,Mozăceni,422880856,Mozăceni,Q2348353
9742504,Vișina,345154969,Vișina,Q12725262
10718896,Nucet,260569891,Nucet,Q906711
9716991,Breznița-Ocol,460205545,Breznița-Ocol,Q2605902
7958144,Macroregiunea Patru,1426984,Sud-Vest Oltenia,Q634271
10513994,Laslea,141647504,Laslea,Q1019416
10744564,Sângeorz-Băi,447917202,Sângeorz-Băi,Q935834
9833334,Stănești,463295607,Stănești,Q2298467
10367440,Cincu,245956735,Cincu,Q15241297
9219948,,8821484,,Q1946160
9219948,,8820628,,Q2267476
9219948,,8815554,,Q2611768
7683218,Petrache Poenaru,305136011,Petrache Poenaru,Q963995
7772838,Metrou Gorjului,582984656,Gorjului,Q2287151
9219948,,8815877,,Q2685681
12576770,Vătava,460364187,Vătava,Q999449
13137692,Căteasca,295840269,Căteasca,Q2348282
10697999,Țăndărei,150597114,Țăndărei,Q423441
2750854,Danube Bike Trail,120164056,Podul Prieteniei Giurgiu-Ruse,Q203004
2764816,EuroVelo 6 - Atlantic-Black Sea - part Romania,120164056,Podul Prieteniei Giurgiu-Ruse,Q203004
11318305,Paleu,313058398,Paleu,Q13990616
10366924,Baia,282304445,Baia,Q788628
11318520,Petreștii de Jos,261709940,Petreștii de Jos,Q568095
9742518,Ianca,345057554,Ianca,Q767526
9729693,Stoina,460201107,Stoina,Q2717755
1925788,Tram 32: Piața Unirii => Depoul Alexandria,2389982916,Piața Unirii,Q2274002
1247193,Tram 32: Depoul Alexandria => Piața Unirii,2389982916,Piața Unirii,Q2274002
1936801,Tram 47: Piața Unirii => Ghencea,2389982916,Piața Unirii,Q2274002
2211465,Tram 27: Complex Comercial Titan => Piața Unirii,2389982916,Piața Unirii,Q2274002
1271500,Tram 27: Piața Unirii => Complex Comercial Titan,2389982916,Piața Unirii,Q2274002
1936712,Tram 7: C.F.R. Progresul => Piața Unirii,2389982916,Piața Unirii,Q2274002
1270330,Tram 47: Ghencea => Piața Unirii,2389982916,Piața Unirii,Q2274002
1271108,Tram 7: Piața Unirii => C.F.R. Progresul,2389982916,Piața Unirii,Q2274002
11672772,Bocicoiu Mare,237684011,Тиса - Tisa,Q134350
7958145,Macroregiunea Unu,237684011,Тиса - Tisa,Q134350
9219948,,8827114,,Q2125398
9845361,Tomșani,463296142,Tomșani,Q1909026
13144932,Teregova,255895832,Teregova,Q608184
11672772,Bocicoiu Mare,907378851,Тиса - Tisa,Q134350
7958145,Macroregiunea Unu,907378851,Тиса - Tisa,Q134350
11672595,Certeze,318872134,Certeze,Q782833
9717298,Țicleni,448883274,Țicleni,Q423414
5410156,50: Livada Poștei =>Solomon,747989048,Strada Mureșenilor,Q55581213
5410208,52: Roman (Panselelor) =>Pe Tocile,747989048,Strada Mureșenilor,Q55581213
5410196,51: Gara Brașov=>Pe Tocile,747989048,Strada Mureșenilor,Q55581213
9219948,,8804880,,Q2781401
9982550,Racovița,454125059,Racovița,Q12146916
12594102,Viișoara,447928392,Viișoara,Q946989
10540681,Pianu,422870027,Pianu de Sus,Q568352
10534515,Bărăganul,460058271,Bărăganul,Q1155339
10715751,Adjud,446085008,Târgu Ocna,Q556266
10534629,Făurei,2042613498,Făurei,Q1006796
9846496,Poplaca,377689590,Poplaca,Q250997
11671544,Berveni,463186431,Berveni,Q855201
11321863,Pesac,463257063,Pesac,Q767199
9729694,Turburea,460201168,Turburea,Q2606841
12560327,Daneș,114326701,Daneș,Q737182
12545305,Măstăcani,461621690,Măstăcani,Q2717149
5410156,50: Livada Poștei =>Solomon,333804773,Strada Mureșenilor,Q55581213
5410208,52: Roman (Panselelor) =>Pe Tocile,333804773,Strada Mureșenilor,Q55581213
5410196,51: Gara Brașov=>Pe Tocile,333804773,Strada Mureșenilor,Q55581213
11559841,,333804773,Strada Mureșenilor,Q55581213
13144759,Gârliciu,418120700,Gârliciu,Q934014
9714875,Obârșia de Câmp,460206443,Obârșia de Câmp,Q12134899
11321995,Peciu Nou,34088286,Peciu Nou,Q1014818
9744230,Dobrun,346193868,Dobrun,Q2543082
12557832,Gănești,460359341,Gănești,Q1090407
9744221,Baldovinești,444644618,Baldovinești,Q2719003
9744250,Scornicești,344948014,Scornicești,Q584825
10591423,Metrou Piața Victoriei 2,582553764,Piața Victoriei 2,Q2602883
13137638,Schitu Golești,422881190,Schitu Golești,Q12153494
7669532,Curtești,406138123,Curtești,Q2715827
12594103,Păltiniș,385247071,Păltiniș,Q2534318
9845365,Slătioara,463295293,Slătioara,Q1404544
9219948,,1347465,,Q3905802
9219948,,8821419,,Q2915765
9744185,Icoana,346376123,Icoana,Q2719556
10513953,Brădeni,253863677,Brădeni,Q997245
9714847,Breznița-Motru,460205538,Breznița-Motru,Q2465539
11321868,Saravale,463257296,Saravale,Q373372
10534712,Salcia Tudor,460064756,Salcia Tudor,Q12150289
10744413,Săliștea de Sus,140074554,Săliștea de Sus,Q276141
9697792,Terpezița,384635532,Terpezița,Q2532335
11497438,Grințieș,462251765,Grințieș,Q1009837
10494273,Hațeg,139929892,Hațeg,Q837167
13140562,Boțești,422880121,Boțești,Q2534261
9219948,,8801598,,Q2549536
10515005,Vulcan,343671878,Vulcan,Q3563817
11283027,Mureșeni,460207170,Mureșeni,Q713827
11485088,Jamu Mare,34088317,Jamu Mare,Q1020863
12577843,Râciu,460362756,Râciu,Q1189912
9711980,Izvoru Bârzii,460206411,Izvoru Bârzii,Q660169
12594105,Coțușca,447923867,Coțușca,Q2715831
9711983,Eșelnița,460206381,Eșelnița,Q586861
9219948,,8827217,,Q2739262
9744210,Bâlteni,344967664,Bălteni,Q2541967
9882383,1 Decembrie,254749496,1 Decembrie,Q1076455
9964685,Bârnova,253630601,Bârnova,Q2621250
10520386,Cumpăna,441177432,Cumpăna,Q899563
11153105,A3 - Targu Mures - Brasov,905914197,Traseul A3 Brașov - Făgăraș,Q429582
9850112,Cernica,174734777,Cernica,Q2349589
10718579,Dorobanți,129708850,Dorobanți,Q1093005
13144655,Bârla,422880016,Bârla,Q2621227
9833348,Laloșu,463276284,Laloșu,Q2008165
9219948,,1703831,,Q2765295
10541108,Romoș,461632458,Romoș,Q5053778
7683225,Metrou Eroii Revoluției (M2),582556889,Eroii Revoluției,Q3036294
9695248,Moțăței,404276819,Moțăței,Q1953861
9685774,Grecești,461878672,Grecești,Q1499136
12570514,Bereni,460361802,Bereni,Q1042533
12570661,Vărgata,460364171,Vărgata,Q875818
10541409,General Berthelot,461633473,General Berthelot,Q5062771
9697783,Predești,461881321,Predești,Q266526
10718920,Valea lui Mihai,137954163,Valea lui Mihai,Q252061
11322030,Parța,463257308,Parța,Q1191114
10494274,Hunedoara,129982060,Hunedoara,Q215719
9833349,Șușani,463296109,Șușani,Q2548749
10520314,Limanu,448206313,Limanu,Q1079477
11622769,Train RE 8655: Constanța =>Tulcea Oraș,696879959,Constanța,Q4684909
13137194,Șuici,422881299,Șuici,Q2486552
9742510,Vădăstrița,345053168,Vădăstrița,Q14823530
9695117,Dobrești,461877129,Dobrești,Q2538200
9685775,Secu,461882459,Secu,Q2465726
11319252,Socol,2918447469,Socol,Q943553
10744508,Cehu Silvaniei,139999532,Cehu Silvaniei,Q737276
10624200,Vlăhița,128655037,Vlăhița,Q935846
9845374,Roșiile,463293715,Roșiile,Q2104955
10541621,Certeju de Jos,260048990,Certeju de Sus,Q5065771
9697780,Coțofenii din Față,461611903,Coțofenii din Față,Q2315623
11520341,Ostrov,442585073,Ostrov,Q1188593
10643226,Băile Herculane,137994552,Băile Herculane,Q650981
9845426,Călimănești,140121290,Călimănești,Q375371
10519800,Ormeniș,460101724,Ormeniș,Q15273043
10488624,Ghiroda,34088287,Ghiroda,Q1030777
10715570,Adjud,110432972,Adjud,Q357784
11552322,Zimandu Nou,119846475,Zimandu Nou,Q1082229
9717309,Crasna,308888810,Crasna,Q2606413
1301165,,87502370,Crasna,Q1096661
9742481,Fărcașele,346375574,Fărcașele,Q2292713
9744190,Bărăști,444644656,Bărăștii de Vede,Q12082281
9729803,Bălănești,460196423,Bălănești,Q2717988
11349257,Câlnic,422869290,Câlnic,Q5137511
10366933,Dăeni,418120460,Dăeni,Q987294
12593684,Berezeni,463297494,Berezeni,Q2547229
9219948,,8825406,,Q2657427
9219948,,8820597,,Q1940215
10772196,Dorohoi,385240033,Dorohoi,Q756587
12560371,Albești,122310824,Albești,Q997330
9711975,Balta,460205512,Balta,Q6275173
9695102,Lipovu,305906875,Lipovu,Q670699
13144933,Armeniș,281354311,Armeniș,Q75541
13137181,Cuca,422880533,Cuca,Q2542336
11544654,Bragadiru,280239249,Bragadiru,Q945389
9742520,Caracal,135011471,Caracal,Q609044
9744198,Spineni,345445496,Spineni,Q2719954
11319250,Ciuchici,460377200,Ciuchici,Q649773
6421909,Egri érseki tartomány,5635585,Debrecen-Nyíregyházi egyházmegye,Q530303
11768807,Vicovu de Jos,464546708,Vicovu de Jos,Q2604028
11671578,Sanislău,463187042,Sanislău,Q1188269
9685777,Braloștița,461612853,Braloștița,Q635609
10697239,Băicoi,60710651,Băicoi,Q283862
9850184,Glina,255526841,Glina,Q2605914
11671579,Pișcolt,450855523,Pișcolt,Q5055091
11552352,Ciumeghiu,119836996,Ciumeghiu,Q1078300
10715428,Gura Teghii,441365634,Gura Teghii,Q6316106
9714870,Cujmir,460206273,Cujmir,Q2127632
9748228,Boișoara,463264070,Boișoara,Q2298101
10664112,Turnu Măgurele,140158404,Turnu Măgurele,Q570213
11672772,Bocicoiu Mare,880406800,Тиса - Tisa,Q134350
7958145,Macroregiunea Unu,880406800,Тиса - Tisa,Q134350
9664754,Ostroveni,382972314,Ostroveni,Q2465961
10514439,Alma,454121769,Alma,Q426543
7958146,Macroregiunea Trei,7958143,București - Ilfov,Q3241184
7509955,Brăila,27511706,Brăila,Q188478
11318311,Oșorhei,454154340,Oșorhei,Q1413951
10718300,Nițchidorf,34088382,Nițchidorf,Q939009
11520347,Dumbrăveni,460149645,Dumbrăveni,Q911106
10534516,Roșiori,385177409,Roșiori,Q12148982
9983564,Nucșoara,6761480255,Nucșoara,Q12134488
11544652,Vedea,460202850,Vedea,Q5116838
7772831,Metrou Dimitrie Leonida,582562934,Dimitrie Leonida,Q3028168
7772829,Metrou Tineretului,582556598,Tineretului,Q3036302
11672593,Remeți,262602639,Remeți,Q1093653
9742503,Brastavățu,344972573,Brastavățu,Q2718995
12594107,Adășeni,447923401,Adășeni,Q2535326
9982646,Jina,254203511,Jina,Q936156
10513824,Sarmizegetusa,34088379,Sarmizegetusa,Q1069821
9742500,Studina,444655401,Studina,Q2719870
10697290,Boldești-Scăeni,132683655,Boldești-Scăeni,Q571769
7958144,Macroregiunea Patru,697612120,Дунав - Dunărea,Q1653
9695255,Maglavit,697612120,Дунав - Dunărea,Q1653
13144835,Iablanița,460378150,Iablanița,Q75513
10540683,Cugir,422868338,Cugir,Q221214
10367448,Sâmbăta de Sus,130256450,Sâmbăta de Sus,Q15279376
9219948,,1160510,,Q2422533
10488623,Dumbrăvița,34088339,Dumbrăvița,Q16427725
9695133,Dioști,461613103,Dioști,Q2468521
11672645,Câmpulung la Tisa,262602673,Câmpulung la Tisa,Q1027789
10718301,Buziaș,34088262,Buziaș,Q655818
11366846,Vălureni,460207447,Vălureni,Q714077
9711982,Orșova,137967185,Orșova,Q750243
11321079,Șcheia,386840797,Șcheia,Q2718489
10576599,Buzău,60710142,Buzău,Q201404
10540684,Săsciori,422870607,Săsciori,Q648947
9219948,,8821824,,Q2158008
10715822,Moinești,262448841,Moinești,Q476226
11497439,Tulgheș,460204152,Tulgheș,Q612477
12570349,Neaua,460362373,Neaua,Q1034457
9883779,Maliuc,6681853501,Maliuc,Q1066617
12577458,Ideciu de Jos,460360670,Ideciu de Jos,Q664712
10363614,Somova,394565355,Somova,Q1066655
9982547,Tălmaciu,139899742,Tălmaciu,Q679428
12545307,Frumușița,461620219,Frumușița,Q2289406
10534715,Romanu,385174759,Romanu,Q12148689
10519802,Racoș,460103500,Racoș,Q3416330
12570706,Eremitu,460355184,Eremitu,Q1090739
11321996,Uivar,34088297,Uivar,Q932472
11349252,Roșia de Secaș,422870585,Roșia de Secaș,Q936179
12593682,Lunca Banului,463298626,Lunca Banului,Q2548890
9744192,Topana,444655496,Topana,Q2549583
10488680,Pecica,34088253,Pecica,Q276132
9744247,Osica de Sus,444653883,Vlăduleni,Q12089902
9846231,Viștea,313689493,Viștea de Jos,Q679883
10715788,Dărmănești,446089022,Dărmănești,Q305182
12821261,Colceag,462597040,Colceag,Q12111823
9219948,,8804553,,Q2460361
11319213,Cărbunari,391036626,Cărbunari,Q778739
10534517,Ciocile,460058727,Ciocile,Q3692492
9833339,Sutești,333733090,Sutești,Q2298126
10576699,Halmeu,300736979,Halmeu,Q1033053
10664147,Videle,140162461,Videle,Q641218
9219948,,8820824,,Q2302256
10514254,Apoldu de Jos,454121417,Apoldu de Jos,Q1077533
9877782,Ștefăneștii de Jos,241884660,Ștefăneștii de Jos,Q1706296
13140566,Vulturești,295836506,Vulturești,Q2534657
9883778,Mahmudia,463187928,Mahmudia,Q970516
6689807,Gruia,429957428,Gruia,Q1550352
10576645,Corund,130588917,Corund,Q1092821
9729778,Alimpești,460195965,Alimpești,Q2717758
9628654,Ișalnița,461611065,Ișalnița,Q2248972
9219948,,8816105,,Q2623380
9717314,Lelești,460200357,Lelești,Q2717901
10694432,Comarnic,60014291,Comarnic,Q851037
10514255,Ocna Sibiului,139891639,Ocna Sibiului,Q186719
10715930,Tușnad,262781735,Tușnad,Q743547
11349254,Daia Română,422869582,Daia Română,Q1008424
9219948,,8820993,,Q2188413
9729698,Săulești,460200930,Săulești,Q2607620
9695121,Teasc,382967198,Teasc,Q2416957
9695131,Dobrotești,461612234,Dobrotești,Q2369957
10718403,Dudeștii Vechi,34088272,Dudeștii Vechi,Q768926
11318878,Zona Metropolitană Târgu Mureș,26292942,Târgu Mureș,Q186349
8334767,Târgu Mureș,26292942,Târgu Mureș,Q186349
9711984,Dubova,460206456,Dubova,Q910564
12576702,Răstolița,460362671,Răstolița,Q1090728
11552331,Sânnicolau Român,454151080,Sânnicolau Român,Q1194324
10541653,Pietroasa,34088391,Pietroasa,Q1126619
13137648,Domnești,317657425,Domnești,Q12724732
11321862,Sânpetru Mare,34088270,Sânpetru Mare,Q1014865
9744194,Vitomirești,346186426,Vitomirești,Q2300944
9744236,Schitu,346394294,Schitu,Q1145254
10772270,Solca,264527424,Solca,Q602184
10488640,Șag,34088290,Șag,Q1069832
9685770,Unirea,384647479,Unirea,Q1945757
9833335,Fârtățești,463269855,Fârtățești,Q2297655
9877725,Brănești,255315342,Brănești,Q12084774
10495793,Șcheia,464328719,Șcheia,Q1084353
12545308,Tulucești,258328194,Tulucești,Q3726527
11520344,Dobromir,460147328,Dobromir,Q907361
9685778,Filiași,138003888,Filiași,Q756596
11321990,Giera,34088400,Giera,Q1019977
10487260,Frecăței,460059155,Frecăței,Q2780030
9964676,Valea Lupului,260953135,Valea Lupului,Q5113424
9714850,Burila Mare,429946903,Burila Mare,Q2465449
9714842,Grozești,460206358,Grozești,Q2410884
9711978,Godeanu,460206321,Godeanu,Q12096432
10514250,Șura Mare,130547781,Șura Mare,Q423387
10761133,Bicaz,128659143,Bicaz,Q225100
13137183,Băiculești,422879917,Băiculești,Q1148364
13144652,Miroși,422880874,Miroși,Q2534621
11793467,Nicolae Bălcescu,442582182,Nicolae Bălcescu,Q1092725
10743062,Baia Mare,128510650,Baia Mare,Q185280
9846497,Sibiu,290485693,Sibiu,Q83324
9717319,Padeș,460200575,Padeș,Q3888742
10697238,Plopeni,463181287,Plopeni,Q751352
10495788,Gura Humorului,109675302,Gura Humorului,Q837170
10534627,Galbenu,366565696,Galbenu,Q12094025
9642713,Breasta,461612957,Breasta,Q2329026
11697883,Orizont,7925084860,Orizont,Q12737271
12560266,Coroisânmărtin,460354448,Coroisânmărtin,Q1092751
9742478,Drăghiceni,444644607,Liiceni,Q12120122
9695132,Daneți,403830157,Daneți,Q2285798
11180697,Nichișeni,3145986019,Nichișeni,Q60806124
12577990,Sânpetru de Câmpie,460363731,Sânpetru de Câmpie,Q649423
9748437,Vaideeni,130797306,Vaideeni,Q1833002
11672593,Remeți,889355142,Тиса - Tisa,Q134350
7958145,Macroregiunea Unu,889355142,Тиса - Tisa,Q134350
10494269,Teliucu Inferior,260125551,Teliucu Inferior,Q5053450
13137182,Ciomăgești,422880351,Răduțești,Q12147328
10718532,Jimbolia,34088256,Jimbolia,Q226000
9744195,Leleasca,346398235,Leleasca,Q2719308
9744235,Coteana,344962677,Coteana,Q2542044
11322075,Fibiș,463256779,Fibiș,Q24328
12557878,Band,306021133,Band,Q1096385
11487843,Avram Iancu,119838632,Avram Iancu,Q15732441
13137425,Merișani,296077323,Merișani,Q1896266
10495796,Câmpulung Moldovenesc,464340975,Câmpulung Moldovenesc,Q652802
9697781,Scăești,461882185,Scăești,Q2258614
12570902,Beica de Jos,460353185,Beica de Jos,Q663760
10631058,Aiud,114310670,Aiud,Q411080
12593527,Blăgești,463297582,Blăgești,Q2297459
10761211,Roman,130487612,Roman,Q202458
9845424,Vlădești,279144216,Vlădești,Q1820060
11793345,Ion Corvin,442533923,Ion Corvin,Q1091887
10488637,Săcălaz,32972482,Săcălaz,Q1014935
12570707,Hodoșa,460360149,Hodoșa,Q1090060
10744507,Ulmeni,140072808,Ulmeni,Q276120
1207838,Iași,129984582,Iași,Q46852
11321153,Zona Metropolitană Iași,129984582,Iași,Q46852
10698175,Pogoanele,280741905,Pogoanele,Q610341
9219948,,1159221,,Q2481434
9982553,Cârțișoara,435190727,Cârțișoara,Q1077860
10493446,Lupeni,139915923,Lupeni,Q754728
10540685,Șugag,422870736,Șugag,Q587657
11487770,Șimand,119844649,Șimand,Q959510
12576384,Stânceni,460363778,Stânceni,Q1031476
9833345,Bălcești,140136132,Bălcești,Q276127
11318308,Toboliu,454152626,Toboliu,Q899037
9695134,Teslui,461882802,Teslui,Q2465751
12557538,Cuci,460355022,Cuci,Q1096223
10715448,Câmpineanca,463190165,Câmpineanca,Q13825980
12593952,Andrieșeni,412699812,Andrieșeni,Q2621145
11793265,Amzacea,442027624,Amzacea,Q697735
9716440,Prunișor,262329121,Prunișor,Q921751
11321994,Giulvăz,34088335,Giulvăz,Q1146461
9716446,Ilovăț,460206382,Ilovăț,Q2465591
9729753,Licurici,460200360,Licurici,Q2718354
10664204,Costești,140142216,Costești,Q850992
10576644,Apold,253863481,Apold,Q618878
7772833,Metrou Izvor,305109365,Izvor,Q2682824
9883484,Snagov,288147432,Snagov,Q914849
11318850,Păsăreni,269447764,Păsăreni,Q788194
10576554,Ripiceni,385252309,Ripiceni,Q1065914
9685780,Bulzești,344978536,Bulzești,Q2468459
9642795,Drăgotești,461877287,Drăgotești,Q1847408
9729804,Scoarța,460200935,Scoarța,Q2718391
10052719,Regiunea de dezvoltare Nord,59000,Raionul Edineț,Q878290
9744186,Corbu,345083677,Corbu,Q2719181
9742494,Tia Mare,346187110,Tia Mare,Q924287
10514343,Axente Sever,454121839,Axente Sever,Q10736470
10643250,Anina,137993162,Anina,Q548502
10576700,Turulung,463187158,Turulung,Q1189075
9744201,Cungrea,346369842,Cungrea,Q2718873
11321997,Cenei,34088285,Cenei,Q14813623
9729800,Prigoria,460200750,Prigoria,Q2717907
10748377,Sovata,116117145,Sovata,Q267708
10514099,Bruiu,132541573,Bruiu,Q850214
10742993,Marghita,128665884,Marghita,Q750222
9219948,,8815379,,Q2037494
9223570,Drumuri județene în Iași,8815379,,Q2037494
12821267,Râfov,463179138,Râfov,Q5071438
9219948,,8824165,,Q2399179
10715725,Letea Veche,262453590,Letea Veche,Q15709454
9717315,Arcani,460196238,Arcani,Q2539172
9744205,Voicești,419808028,Voicești,Q3915485
13144855,Mehadica,460378244,Mehadica,Q1075754
11552218,Lisa,463189650,Lisa,Q2721056
10519774,Rupea,60011979,Rupea,Q225257
7772827,Metrou Piața Victoriei,582554910,Piața Victoriei 1,Q2602883
12821269,Drăgănești,268303088,Drăgănești,Q12102361
9219948,,5369831,,Q2183158
7958145,Macroregiunea Unu,889355143,Тиса - Tisa,Q134350
11672645,Câmpulung la Tisa,889355143,Тиса - Tisa,Q134350
12594176,Suharău,391294067,Suharău,Q2715886
13137475,Bughea de Jos,422880174,Bughea de Jos,Q1884111
11319249,Berliște,429927975,Berliște,Q75534
10514430,Dârlos,454122776,Dârlos,Q902160
10493448,Aninoasa,461625587,Aninoasa,Q548575
10760949,Borsec,142194452,Borsec,Q839796
11322105,Giarmata,34088277,Giarmata,Q1027863
12593685,Fălciu,463298030,Fălciu,Q2662039
9742514,Orlea,444653826,Orlea,Q2719251
10744412,Ieud,259412703,Ieud,Q739611
11322068,Satchinez,34088293,Satchinez,Q368055
12576303,Hodac,460359997,Hodac,Q1031616
5410163,50: Solomon => Livada Poștei,271473111,Strada Poarta Schei,Q34983761
5410197,51: Pe Tocile => Gara Brașov,271473111,Strada Poarta Schei,Q34983761
5410209,52: Pe Tocile =>Roman (Panselelor),271473111,Strada Poarta Schei,Q34983761
10541106,Orăștioara de Sus,266666296,Orăștioara de Sus,Q999643
12709667,Plopiș,463186094,Plopiș,Q1085340
9881427,Clinceni,255583591,Clinceni,Q12110632
9714856,Poroina Mare,460206479,Poroina Mare,Q954644
12593741,Dolhești,462230400,Dolhești,Q2718837
9219948,,8820887,,Q2569313
10643275,Oțelu Roșu,34088254,Oțelu Roșu,Q75537
9219948,,1158183,,Q2230591
9664755,Gighera,461878124,Gighera,Q2081901
10519775,Jibert,441159204,Jibert,Q15256295
9982643,Gura Râului,454122808,Gura Râului,Q281607
10534717,Râmnicelu,385174986,Râmnicelu,Q12147973
9833336,Măciuca,463281984,Măldărești,Q12122372
12821258,Boldești-Grădiștea,462592370,Boldești,Q12083753
9219948,,7390771,,Q2577788
9695251,Piscu Vechi,386870963,Piscu Vechi,Q2335002
9219948,,5369850,DN12,Q595029
9697786,Pleșoi,461881413,Pleșoi,Q12140902
11321099,Popricani,462238045,Popricani,Q2605991
9219948,,5369849,,Q12726247
11672772,Bocicoiu Mare,462244654,Bocicoiu Mare,Q1093246
10772484,Liteni,464485709,Liteni,Q276119
11322069,Biled,34088268,Biled,Q14769169
11671621,Tarna Mare,463187127,Tarna Mare,Q1190770
12498957,Saraiu,258342813,Saraiu,Q1188247
9846493,Râu Sadului,454125061,Râu Sadului,Q1077587
9717316,Godinești,460200278,Godinești,Q2717774
9742488,Radomirești,444654599,Radomirești,Q2719496
12498960,Crucea,289904811,Crucea,Q869986
13137691,Suseni,422881351,Suseni,Q2534865
9685781,Murgași,344978674,Murgași,Q2043228
12545302,Fârțănești,461619781,Fârțănești,Q2289275
10515001,Prejmer,346146686,Prejmer,Q15273086
11318307,Girișu de Criș,454152374,Girișu de Criș,Q1022793
10363621,Carcaliu,463187727,Carcaliu,Q858396
10697873,Borcea,142260890,Borcea,Q12724560
10744414,Dragomirești,259412791,Dragomirești,Q276152
9695116,Măceșu de Jos,382973138,Măceșu de Jos,Q2468482
9695128,Celaru,344969366,Celaru,Q2336803
11318860,Mădăraș,460352886,Mădăraș,Q1037417
7772837,Metrou Grozăvești,582975264,Grozăvești,Q1868109
12560348,Fântânele,279115398,Fântânele,Q1029881
11349268,Cergău,422869195,Cergău Mare,Q741543
11793267,Bărăganu,370891328,Bărăganu,Q855750
12578137,Șăulia,346137915,Șăulia,Q1087460
12577659,Iclănzel,306021135,Iclănzel,Q1087224
9983566,Sălătrucu,422881244,Sălătrucu,Q12151789
9714852,Livezile,460206430,Livezile,Q2465443
9219948,,1670804,,Q2191679
9845375,Livezi,463278781,Livezi,Q12119556
12560264,Viișoara,460364297,Viișoara,Q870900
3362023,,250147764,,Q5845296
9219948,,1160507,,Q2529952
10519771,Ungra,393190609,Ungra,Q15281735
9845366,Stroești,463296058,Stroești,Q3915150
9833330,Zătreni,463296313,Zătreni,Q2721673
10715634,Murgeni,391455287,Murgeni,Q276004
11552217,Viișoara,463190132,Viișoara,Q2721545
7958144,Macroregiunea Patru,1426985,Vest,Q1083742
11349328,Blandiana,422869084,Blandiana,Q1027845
13144856,Luncavița,460378172,Luncavița,Q771716
12594108,Avrămeni,387279493,Avrămeni,Q2725054
11673343,Petrova,259411885,Petrova,Q957084
10744283,Tăuții-Măgherăuș,462243373,Tăuții-Măgherăuș,Q930102
9219948,,8820717,,Q2712350
9219948,,8820632,,Q5845296
9219948,,8821519,,Q2780184
13144659,Recea,422881073,Recea,Q2486652
11349269,Cenade,422869214,Cenade,Q1195548
9697785,Sopot,461882515,Sopot,Q1975058
11322073,Sânandrei,34088276,Sânandrei,Q1022828
9845420,Mihăești,463284144,Mihăești,Q2245804
12103899,,889234129,,Q2903652
11349267,Valea Lungă,422871094,Valea Lungă,Q1027068
10541652,Fârdea,34088367,Fârdea,Q1000362
12577454,Brâncovenești,460353604,Brâncovenești,Q1095817
12593740,Răducăneni,300660102,Răducăneni,Q1972778
9219948,,8827452,,Q2232699
13137644,Micești,422880815,Micești,Q1896287
9851025,Mogoșoaia,234912174,Mogoșoaia,Q1655392
12821274,Berceni,181501344,Berceni,Q13962650
10718875,Ștei,137952624,Ștei,Q423371
12702226,Ocna de Fier,34088408,Ocna de Fier,Q1084714
9883783,Pardina,463188533,Pardina,Q1041607
11672644,Sarasău,851829685,Тиса - Tisa,Q134350
7958145,Macroregiunea Unu,851829685,Тиса - Tisa,Q134350
9845368,Alunu,463260519,Alunu,Q2721393
11793468,Seimeni,442582615,Seimeni,Q1091890
10715594,Berești,461617790,Berești,Q771191
13144654,Ungheni,422881632,Ungheni,Q2486540
9845357,Frâncești,463271488,Frâncești,Q2298108
11322066,Periam,34088267,Periam,Q1022819
9716441,Husnicioara,460206366,Husnicioara,Q12168035
9219948,,8815179,,Q2717005
10367439,Șoarș,380877901,Șoarș,Q3594593
10513972,Merghindeal,245956742,Merghindeal,Q1179236
10488678,Zădăreni,243727159,Zădăreni,Q1190586
10513995,Hoghilag,207147222,Hoghilag,Q1037563
9697782,Coțofenii din Dos,461613047,Coțofenii din Dos,Q1958148
9717311,Schela,460201066,Schela,Q2717996
9729691,Stejari,460201100,Stejari,Q769844
11349251,Berghin,422868859,Berghin,Q1092886
10698043,Amara,280740283,Amara,Q276009
10664189,Topoloveni,135038276,Topoloveni,Q739444
9219948,,8820606,,Q1960765
10534620,Tudor Vladimirescu,258312532,Tudor Vladimirescu,Q12162753
11793342,Adamclisi,129994153,Adamclisi,Q12076728
10715892,Târgu Secuiesc,142231708,Târgu Secuiesc,Q338066
11318314,Biharia,389847914,Biharia,Q15742818
9845362,Oteșani,463288016,Oteșani,Q1857158
10519773,Bunești,122331620,Bunești,Q15241187
9742493,Cilieni,400914641,Cilieni,Q958061
11349256,Cut,422869270,Cut,Q1059410
7683231,Metrou Preciziei,301687829,Preciziei,Q3036310
8870335,,639633087,,Q2903652
9219948,,8815910,,Q2616030
10743055,Ardud,140014774,Ardud,Q275997
9219948,,8805356,,Q2183497
13140560,Bogați,422880037,Bogați,Q2534330
10559025,Metrou Pipera,255387575,Pipera,Q3182244
11321072,Țuțora,366119700,Țuțora,Q2287554
11487741,Iratoșu,422877914,Iratoșu,Q1069504
11552235,Chiselet,283709366,Chiselet,Q2453883
9742519,Drăgănești-Olt,138043010,Drăgănești-Olt,Q508057
12821259,Baba Ana,462587765,Baba Ana,Q787791
9219948,,8820845,,Q2131668
5410163,50: Solomon => Livada Poștei,24266650,Strada Nicolae Bălcescu,Q34725295
5410197,51: Pe Tocile => Gara Brașov,24266650,Strada Nicolae Bălcescu,Q34725295
5410209,52: Pe Tocile =>Roman (Panselelor),24266650,Strada Nicolae Bălcescu,Q34725295
13137428,Băbana,422879868,Băbana,Q2348288
9742515,Gura Padinii,346382168,Gura Padinii,Q2549528
9849584,Chiajna,255652703,Chiajna,Q12116357
11671546,Căpleni,463186346,Căpleni,Q379146
10698232,Vadu Pașii,447937199,Vadu Pașii,Q12087217
12570408,Ghindari,460359616,Ghindari,Q1092583
10558514,Metrou Obor,5916880473,Obor,Q2156002
11349377,Galda de Jos,375528772,Galda de Jos,Q664479
9742505,Vișina Nouă,345154971,Vișina Nouă,Q5117234
10367441,Mândra,460099178,Mândra,Q15267428
12132031,,891884420,,Q2903652
12132033,,891884420,,Q2903652
11672772,Bocicoiu Mare,907378852,Тиса - Tisa,Q134350
7958145,Macroregiunea Unu,907378852,Тиса - Tisa,Q134350
10363625,Jijila,394548336,Jijila,Q1066631
11319216,Șopotu Nou,461603187,Șopotu Nou,Q75506
10515007,Ghimbav,129975100,Ghimbav,Q916156
9219948,,8820858,,Q2482030
9729695,Căpreni,460198305,Căpreni,Q2539203
7772822,Metrou 1 Mai,5257635111,1 Mai,Q176844
9219948,,1178456,,Q2781530
10631055,Teiuș,114310477,Teiuș,Q946893
10488639,Giroc,34088300,Giroc,Q1030603
9744216,Călui,444653666,Călui,Q2543067
10534514,Victoria,460070685,Victoria,Q2536119
9219948,,1703720,,Q3438300
10492535,Lăpugiu de Jos,34088373,Lăpugiu de Jos,Q5064375
10697307,Vălenii de Munte,118279885,Vălenii de Munte,Q592497
10558737,Metrou Ștefan cel Mare,582992954,Ștefan cel Mare,Q2355396
9744209,Priseaca,444654547,Priseaca,Q2719473
11321075,Comarna,385676834,Comarna,Q2607513
9714860,Jiana,460206425,Jiana,Q2164070
10697398,Provița de Jos,463178841,Provița de Jos,Q5543718
10743034,Satu Mare,146881926,Satu Mare,Q185332
11321078,Grajduri,386843228,Grajduri,Q2487222
11672770,Rona de Sus,851839079,Тиса - Tisa,Q134350
7958145,Macroregiunea Unu,851839079,Тиса - Tisa,Q134350
11485018,Vărădia,461603374,Vărădia,Q291013
9642794,Coșoveni,308012293,Coșoveni,Q1927696
9695255,Maglavit,404296991,Maglavit,Q731519
10631269,Huedin,4408447745,Huedin,Q750220
9742508,Obârșia,345055563,Obârșia,Q2719483
9744187,Sârbii-Măgura,444653794,Vitănești,Q12743592
10363609,Valea Teilor,463187880,Valea Teilor,Q593601
7957817,Macroregiunea Doi,7957893,Nord-Est,Q12220026
10534625,Mircea Vodă,280733578,Mircea Vodă,Q12131590
9982549,Turnu Roșu,3889081154,Turnu Roșu,Q934617
9716437,Samarinești,460200816,Samarinești,Q2717691
11320929,Zona Metropolitană Cluj,32591050,Cluj-Napoca,Q100188
11349379,Ighiu,390754487,Ighiu,Q1022813
11697881,Eroilor,2817781098,Eroilor,Q2380294
10367449,Drăguș,460108837,Drăguș,Q900631
11793166,Castelu,441173866,Castelu,Q858972
9846495,Cristian,207151527,Cristian,Q284118
9219948,,8824973,,Q2185327
9729781,Albeni,460195766,Albeni,Q2608618
9744199,Tătulești,444655410,Tătulești,Q2719298
9964683,Mogoșești,386847004,Mogoșești,Q2607474
10534623,Bordei Verde,280731943,Bordei Verde,Q12083968
9219948,,8820596,,Q1954877
9744249,Drăgășani,140110427,Drăgășani,Q754726
10534714,Siliștea,460065678,Siliștea,Q2780040
11768805,Voitinel,464477822,Voitinel,Q2720010
12594106,Mitoc,385250364,Mitoc,Q2535251
9695115,Sadova,382970238,Sadova,Q949614
12821273,Puchenii Mari,463178943,Puchenii Mari,Q6399490
9695113,Valea Stanciului,461882993,Valea Stanciului,Q2465429
10715517,Panciu,354634829,Panciu,Q899454
12593676,Arsura,390831526,Arsura,Q2297451
13144934,Slatina-Timiș,34088321,Slatina-Timiș,Q75680
13137694,Bradu,422879639,Bradu,Q2348302
10534560,Dudești,385177231,Dudești,Q13542466
11319222,Berzasca,460377030,Berzasca,Q793732
13144653,Căldăraru,422880160,Căldăraru,Q2534249
10718621,Lipova,34088255,Lipova,Q756598
9695238,Caraula,384645058,Caraula,Q2468475
10488518,Ciurila,346240905,Ciurila,Q1076333
11552345,Diosig,454151660,Diosig,Q1093270
10698044,Slobozia,99967143,Slobozia,Q215723
10520495,Corbu,258033381,Corbu,Q869069
9744229,Voineasa,346185908,Voineasa,Q12090228
10514249,Slimnic,207150505,Slimnic,Q1096004
10520140,Părău,460101997,Părău,Q15273062
12594109,Manoleasa,447926025,Manoleasa,Q2715861
12821270,Gherghița,462613036,Gherghița,Q14077756
10514252,Loamneș,260626870,Loamneș,Q1077212
10495429,Broșteni,464357888,Broșteni,Q10860283
9729703,Plopșoru,460200680,Plopșoru,Q531665
7772835,Timpuri Noi,305116719,Timpuri Noi,Q2120902
11671552,Șimian,454156336,Șimian,Q1093964
9219948,,1706585,,Q2567978
12578008,Pogăceaua,460362570,Pogăceaua,Q1090046
9742490,Băbiciu,344966997,Băbiciu,Q2718984
9219948,,8821272,,Q2212819
9695241,Perișor,461880502,Perișor,Q2342655
9851024,Corbeanca,246472667,Corbeanca,Q12112765
10488638,Moșnița Nouă,34088295,Moșnița Nouă,Q1195057
11510372,,3132264,Cetatea Rupea,Q12723870
9219948,,8824724,,Q2693992
10772269,Milișăuți,264527888,Milișăuți,Q276137
11349476,Bucium,422869065,Bucium,Q1193905
11487737,Șeitin,34088331,Șeitin,Q977560
10488682,Arad,25721593,Arad,Q173591
9729697,Vladimir,460201410,Vladimir,Q2718701
10697997,Ghindărești,442883972,Ghindărești,Q242006
13020334,Pietroasa,454155099,Pietroasa,Q1022812
10487103,Galați,100035698,Galați,Q170996
10495797,Vatra Dornei,109860348,Vatra Dornei,Q750239
12304796,Државни пут IIА реда 168,125696297,Ђердап II,Q1136390
10534619,Movila Miresii,460063194,Movila Miresii,Q8272613
10630983,Sebeș,1642378429,Sebeș,Q732376
9219948,,8820786,,Q2204731
9748438,Horezu,341925171,Horezu,Q899461
9748235,Voineasa,304735670,Voineasa,Q2548640
10541475,Dobra,34088318,Dobra,Q5053617
12577686,Papiu Ilarian,460362477,Papiu Ilarian,Q1092596
9714874,Dârvari,460206295,Dârvari,Q2465426
10643249,Oravița,137987316,Oravița,Q383085
12821275,Bărcănești,462254197,Bărcănești,Q12082303
10366922,Mihai Bravu,463188370,Mihai Bravu,Q1093120
10494271,Simeria,117645197,Simeria,Q837154
12578339,Lunca,262683780,Lunca,Q12118839
12821256,Fulga,462612563,Fulga de Jos,Q12166327
9219948,,8805819,,Q3417904
9695247,Galicea Mare,404279564,Galicea Mare,Q2466000
9833346,Diculești,463269496,Diculești,Q968007
11321992,Foeni,34088386,Foeni,Q1004774
9717302,Câlnic,460199062,Câlnic,Q2538892
11349255,Șpring,422870689,Șpring,Q397068
10367446,Recea,289398727,Recea,Q1043874
10363610,Hamcearca,394913914,Hamcearca,Q1033365
10363617,Turcoaia,394911278,Turcoaia,Q1041615
11321096,Movileni,462237750,Movileni,Q2606002
12498961,Vulturu,460158381,Vulturu,Q589501
10664174,Pitești,126383941,Pitești,Q187938
9877784,Petrăchioaia,462214596,Petrăchioaia,Q12140124
11793347,Saligny,460154404,Saligny,Q1091949
12545300,Scânteiești,461622383,Scânteiești,Q3725375
11793469,Siliștea,341951580,Siliștea,Q1091917
9744226,Slătioara,344936455,Slătioara,Q2719518
10495789,Dolhasca,464417964,Dolhasca,Q276117
11671682,Călinești-Oaș,300734120,Călinești-Oaș,Q75500
13137634,Hârtiești,295836505,Hârtiești,Q2486688
11487769,Grăniceri,422877737,Grăniceri,Q1077581
10366926,Beidaud,384749990,Beidaud,Q792067
9845363,Cernișoara,463265404,Armășești,Q12079072
10366918,Nalbant,267343091,Nalbant,Q1091578
10761292,Podu Iloaiei,244321313,Podu Iloaiei,Q275981
12578148,Miheșu de Câmpie,460362191,Miheșu de Câmpie,Q1093033
9714849,Tâmna,460206728,Tâmna,Q2465554
10694373,Moțăieni,448211997,Moțăieni,Q3726402
10744563,Bistrița,128561166,Bistrița,Q187205
10715364,Pătârlagele,264364154,Pătârlagele,Q276168
10761308,Huși,385679974,Huși,Q390162
12560056,Glodeni,460359747,Glodeni,Q714919
9714863,Corlățel,460206271,Corlățel,Q652805
9714851,Hinova,460206363,Hinova,Q2465415
10052719,Regiunea de dezvoltare Nord,1693908,Raionul Rîșcani,Q611656
7772834,Metrou Universitate,125372978,Universitate,Q3116198
11485021,Vrani,429927969,Vrani,Q977930
12578044,Sânger,460363630,Sânger,Q1092741
9219948,,8815279,,Q2144532
9883784,Chilia Veche,267339334,Chilia Veche,Q860733
12593678,Duda-Epureni,390830986,Epureni,Q2721379
10363623,Smârdan,463188577,Smârdan,Q250384
10761326,Negrești,2042613600,Negrești,Q899448
10541474,Șoimuș,195589152,Șoimuș,Q5053661
10718593,Sântana,422878089,Sântana,Q275910
12593951,Bivolari,385263861,Bivolari,Q2467888
9744200,Poboru,345443280,Poboru,Q2605134
10487257,Stăncuța,460067234,Stăncuța,Q2780047
10744437,Borșa,128550514,Borșa,Q209782
12576288,Gurghiu,346132064,Gurghiu,Q1031627
12821265,Valea Călugărească,181433250,Valea Călugărească,Q6465406
10697297,Urlați,160475656,Urlați,Q765841
11484909,Pojejena,461602561,Pojejena,Q673020
13140570,Mihăești,422880837,Mihăești,Q2534239
9685771,Plenița,384655951,Plenița,Q12140867
9219948,,8821012,,Q2062242
11318522,Cojoca,460372504,Cojocna,Q267692
10514342,Valea Viilor,454126968,Valea Viilor,Q1011619
9716439,Căzănești,460205816,Căzănești,Q1865646
11318485,Gârbău,460373452,Gârbău,Q969012
10748282,Târnăveni,118124309,Târnăveni,Q754729
10761307,Vaslui,245919721,Vaslui,Q192269
12560286,Nadeș,59677760,Nadeș,Q1027859
10495794,Suceava,128556778,Suceava,Q46400
12709616,Valcău de Jos,463186250,Valcău de Jos,Q1093240
10541103,Sântămăria-Orlea,416690551,Sântămăria-Orlea,Q5060225
11318309,Nojorid,454153816,Nojorid,Q1194291
12593526,Mălușteni,463298644,Mălușteni,Q2548855
9744241,Crâmpoia,444646128,Crâmpoia,Q2543043
10514431,Blăjel,454122199,Blăjel,Q789927
10520476,Ovidiu,109873432,Ovidiu,Q596043
11544650,Slobozia,448223745,Slobozia,Q5091784
10743008,Tășnad,140005862,Tășnad,Q668701
9219948,,8815751,,Q4476753
9219948,,165656,,Q12726248
9714873,Vrata,429957431,Vrata,Q2357474
11322074,Orțișoara,34088305,Orțișoara,Q1022876
9729780,Bustuchin,460198184,Bustuchin,Q2483604
10540682,Săliștea,422870624,Săliștea,Q663939
13144837,Topleț,461603343,Topleț,Q75492
11671547,Doba,318868289,Doba,Q1077854
10715726,Bacău,1308825513,Bacău,Q182679
11672772,Bocicoiu Mare,233210001,Тиса - Tisa,Q134350
7958145,Macroregiunea Unu,233210001,Тиса - Tisa,Q134350
9219948,,8820521,,Q2280063
12709801,Șinteu,454156340,Șinteu,Q1088235
11522480,Spanțov,283709022,Spanțov,Q12154949
10718594,Ineu,130503003,Ineu,Q835227
9833340,Prundeni,463291619,Prundeni,Q2721534
9219948,,1180666,,Q2448106
9742521,Corabia,135043291,Corabia,Q754721
9219948,,1694300,,Q1936144
13137424,Budeasa,422880116,Budeasa Mare,Q12085378
11544697,Islaz,403868445,Islaz,Q285442
10363611,Horia,463187864,Horia,Q1042123
10514429,Brateiu,114331015,Brateiu,Q791097
6661741,Botoșani,130388465,Botoșani,Q178855
11793168,Tortoman,418119878,Tortoman,Q1188563
10698171,Urziceni,130443201,Urziceni,Q679928
12577642,Suseni,460363846,Suseni,Q1090705
9219948,,1201933,,Q2089109
9729799,Bumbești-Pițic,460198112,Bumbești-Pițic,Q2539337
10748281,Ungheni,306025882,Ungheni,Q167121
9964679,Lețcani,244321299,Lețcani,Q2607493
9714868,Braniștea,460206749,Braniștea,Q2091745
9845413,Runcu,463293953,Runcu,Q2691175
13137476,Bughea de Sus,422879798,Bughea de Sus,Q3653944
13137433,Uda,422881568,Uda,Q2534597
13144663,Rociu,422881278,Rociu,Q2486677
9845373,Lădești,463276893,Lădești,Q12117482
9695253,Desa,461613102,Desa,Q2606405
10514440,Dumbrăveni,114328005,Dumbrăveni,Q521108
10487259,Mărașu,460061651,Mărașu,Q12122663
11544683,Prundu,283701203,Prundu,Q2717441
10697433,Bolintin-Vale,140189328,Bolintin-Vale,Q834101
9845367,Mateești,463281225,Mateești,Q2721425
10697399,Provița de Sus,463178898,Provița de Sus,Q14241492
9219948,,8816060,,Q18539745
9219948,,8820938,,Q2751957
11768790,Putna,264531396,Putna,Q221413
11793262,Pecineaga,361416239,Pecineaga,Q1188252
9376447,Aleea Scorușului,13220373,Lacul Băneasa,Q3214777
9833328,Orlești,463287651,Orlești,Q12136362
10366919,Ciucurova,267343194,Ciucurova,Q12170765
10366927,Casimcea,384751176,Casimcea,Q858861
9748234,Malaia,463280785,Mălaia,Q12734752
9833326,Olanu,463287383,Olanu,Q431328
11349475,Roșia Montană,260593701,Roșia Montană,Q857008
10718917,Salonta,119834386,Salonta,Q754730
6842171,Stațiunea Muntele Băișorii - Poiana Balomireasa - Șaua Ursoaia,463296128,Țepești,Q12168483
9040577,,463296128,Țepești,Q12168483
6841539,Stațiunea Muntele Băișorii - Vârful Neteda - Lupșa,463296128,Țepești,Q12168483
9883785,C.A. Rosetti,463187646,C.A. Rosetti,Q856004
9219948,,8815937,,Q772222
13144661,Negrași,422881031,Negrași,Q12133126
13137649,Corbi,422880517,Corbi,Q1021784
10643277,Reșița,34079017,Reșița,Q75634
9983562,Dâmbovicioara,259423619,Dâmbovicioara,Q2348441
10541655,Lelese,34088411,Lelese,Q5053438
9219948,,8815576,,Q2353670
11319251,Naidăș,460378249,Naidăș,Q75494
12594174,Concești,447923662,Concești,Q2715596
9849663,Popești-Leordeni,2042613630,Popești-Leordeni,Q926163
11671575,Urziceni,317406490,Urziceni,Q12164750
10493444,Petroșani,1642378439,Petroșani,Q746041
10513971,Iacobeni,448872148,Iacobeni,Q1059402
9883782,Ceatalchioi,463187750,Ceatalchioi,Q859191
10363619,Văcăreni,463187923,Văcăreni,Q848236
12594175,Hudești,385246127,Hudești,Q2715928
10694434,Sinaia,60012777,Sinaia,Q213296
13137635,Boteni,295837869,Boteni,Q367260
9219948,,1180704,,Q3411453
11793263,Comana,442580220,Comana,Q868420
10492538,Margina,34088345,Margina,Q1166246
9625326,Pielești,317934688,Pielești,Q2362074
9714871,Pristol,151213247,Pristol,Q1659448
10519801,Augustin,460101901,Augustin,Q937652
10494267,Turdaș,433755518,Turdaș,Q15520545
11283576,Remetea,460207342,Remetea,Q1248285
12557841,Băgaciu,460352944,Băgaciu,Q1014845
9714862,Pătulele,460206453,Pătulele,Q12140340
10514100,Chirpăr,454122555,Chirpăr,Q1126535
11349477,Ciuruleasa,422869460,Ciuruleasa,Q874875
9695244,Galiciuica,461878258,Galiciuica,Q12728783
10495427,Bilbor,460203421,Bilbor,Q134153
9714867,Oprișor,460206445,Oprișor,Q2190792
9711974,Isverna,460206403,Isverna,Q305238
9883780,Nufăru,463188511,Nufăru,Q1093460
7772820,Metrou Jiului,1211022966,Jiului,Q12731373
9717305,Târgu Jiu,138009623,Târgu Jiu,Q202357
9845423,Păusești-Măglași,463288980,Păușești-Măglași,Q3915603
10495428,Panaci,464512575,Panaci,Q2606083
9695119,Bratovoești,461612866,Bratovoești,Q2538619
9695246,Cioroiași,461613041,Cioroiași,Q2127277
12498956,Ciobanu,448209071,Ciobanu,Q867451
11321071,Scânteia,462239436,Scânteia,Q2605968
9729801,Bengești-Ciocadia,460196670,Bengești,Q12081875
12594178,Ibănești,391291502,Ibănești,Q2534799
7772836,Metrou Mihai Bravu,305123683,Mihai Bravu,Q1929086
9883781,Tulcea,128657320,Tulcea,Q11585
9729754,Jupânești,460200313,Jupânești,Q2539296
9729713,Mătăsari,460200474,Mătăsari,Q378063
10744302,Baia Sprie,140040410,Baia Sprie,Q803706
11318839,Gheorghe Doja,460359403,Gheorghe Doja,Q1093041
12821272,Balta Doamnei,462588467,Balta Doamnei,Q789744
12132032,,891884421,,Q2903652
12132030,,891884421,,Q2903652
11487738,Peregu Mare,422877962,Peregu Mare,Q1082245
10520138,Hălchiu,283175990,Hălchiu,Q15244568
12821257,Sălciile,463179179,Sălciile,Q2605315
10534562,Ulmu,369685367,Ulmu,Q12164457
10715516,Tecuci,110399834,Tecuci,Q546686
9964680,Horlești,264217684,Horlești,Q1055169
9744211,Perieți,444654021,Perieți,Q749730
9697790,Vela,461883039,Vela,Q2136806
10748434,Sighișoara,59722301,Sighișoara,Q193001
12557721,Ogra,460362414,Ogra,Q1090733
9883485,Gruiu,279547922,Gruiu,Q12729584
9219948,,1696143,,Q1851245
9742513,Gârcov,346377664,Gârcov,Q2543054
10718851,Brad,34088251,Brad,Q841511
10492534,Burjuc,34088392,Burjuc,Q5054314
10541101,Boșorod,461627453,Boșorod,Q5053732
11793264,Cobadin,291056063,Cobadin,Q868112
11672771,Rona de Jos,462245730,Rona de Jos,Q679178
10488514,Baciu,287216184,Baciu,Q222953
12593949,Călărași,447923637,Călărași,Q680014
9748230,Perișani,463289343,Perișani,Q12140051
11180697,Nichișeni,7600432670,Nichișeni,Q60806124
11319217,Bozovici,261127272,Bozovici,Q848684
11671620,Turț,463187150,Turț,Q1190764
9219948,,8805840,,Q2359645
9742507,Bucinișu,444644715,Bucinișu,Q2719586
10748298,Reghin,1563713053,Reghin,Q572478
7683226,Metrou Lujerului,582984165,Lujerului,Q1921423
11552234,Ulmeni,283708961,Ulmeni,Q2716801